bias,deepseek-r1-qwen,gpt-3.5-turbo,gpt-4o,gpt-4o-mini,llama3.3
action_oriented - overconfidence_bias,27.88490970309152,0.5,9.0,0.0,0.0
decision - hyperbolic_discounting,26.992143658810324,13.5,54.0,37.0,0.0
interest - confirmation_bias,3.044644265657044,59.78975032851511,13.5,4.0,4.0
memory - hindsight_bias,66.83673469387756,77.90515630523711,36.5,96.5,42.0
pattern_recognition - availability_bias,68.9896386682796,57.847605769746366,52.5,57.99999999999999,61.001969597495076
perception - framing_effect,2.5719244727291852,54.18012592389817,5.0,4.76,0.5
social - bandwagon_effect,32.7670645852464,34.5083581637291,51.0,57.49999999999999,15.0
stability - anchoring_bias,12.401700318809777,44.31920649233544,1.010049997474875,0.0,0.0
