bias,deepseek-r1-qwen,gpt-3.5-turbo,gpt-4o,gpt-4o-mini,llama3.3
action_oriented - overconfidence_bias,19.659936238044633,1.9847482450381295,0.0,0.0,0.0
decision - hyperbolic_discounting,17.619523483932046,11.98,23.5,16.0,0.5
interest - confirmation_bias,8.647255861891265,28.35742444152431,5.5,11.5,22.5
memory - hindsight_bias,72.62835156907538,85.86594504579517,53.5,94.1,68.5
pattern_recognition - availability_bias,65.72177891858713,30.869908015768726,38.0,49.0,39.8
perception - framing_effect,3.492972410203019,16.485707954797256,0.0,3.5000000000000004,0.5
social - bandwagon_effect,32.11,20.21556115609416,80.96,47.239999999999995,13.3
stability - anchoring_bias,13.118567191952085,30.937380156686572,6.0,6.359999999999999,2.44
