bias,n_devgpt,aligned_k,prevalence,wilson95_lo,wilson95_hi,strong_k,weak_k
overconfidence bias,12,12,1.0,0.7574992425007574,1.0,12,0
bandwagon effect,5,5,1.0,0.5655085052479191,1.0,5,0
hyperbolic discounting,9,7,0.7777777777777778,0.4525833436728054,0.9367762376877727,7,0
framing effect,25,8,0.32,0.17204987516891146,0.5159008626542329,8,0
availability bias,5,1,0.2,0.03622316096978745,0.6244717358814613,1,0
hindsight bias,5,1,0.2,0.03622316096978745,0.6244717358814613,1,0
anchoring bias,6,1,0.16666666666666666,0.03005258587173032,0.563509436563646,1,0
confirmation bias,30,3,0.1,0.034599259959716175,0.2562144131526662,3,0
