{
    "confirmation bias": {
        "sensitivity": 5.0,
        "harmfulness": 6.917808219178082,
        "total_runs": 1460,
        "prolog_uncertainty": 3.287671232876712,
        "average_semantic_similarity_of_dilemmas": 0.33870378136634827,
        "average_levenshtein_distance_of_dilemmas": 0.3789385310167363,
        "complexity_analysis": {
            "low": {
                "total_runs": 495,
                "sensitivity": 2.6262626262626263,
                "harmfulness": 2.6262626262626263,
                "prolog_uncertainty": 0.0,
                "quartiles": [
                    4.0,
                    7.0,
                    11.0
                ]
            },
            "mid-low": {
                "total_runs": 625,
                "sensitivity": 1.92,
                "harmfulness": 1.92,
                "prolog_uncertainty": 0.0,
                "quartiles": [
                    4.0,
                    7.0,
                    11.0
                ]
            },
            "mid-high": {
                "total_runs": 115,
                "sensitivity": 4.3478260869565215,
                "harmfulness": 6.956521739130435,
                "prolog_uncertainty": 6.086956521739131,
                "quartiles": [
                    4.0,
                    7.0,
                    11.0
                ]
            },
            "high": {
                "total_runs": 225,
                "sensitivity": 19.11111111111111,
                "harmfulness": 30.22222222222222,
                "prolog_uncertainty": 18.22222222222222,
                "quartiles": [
                    4.0,
                    7.0,
                    11.0
                ]
            }
        }
    },
    "hyperbolic discounting": {
        "sensitivity": 8.972602739726028,
        "harmfulness": 9.452054794520548,
        "total_runs": 1460,
        "prolog_uncertainty": 1.3013698630136987,
        "average_semantic_similarity_of_dilemmas": 0.36036908626556396,
        "average_levenshtein_distance_of_dilemmas": 0.40378202302256067,
        "complexity_analysis": {
            "low": {
                "total_runs": 1275,
                "sensitivity": 7.92156862745098,
                "harmfulness": 8.470588235294118,
                "prolog_uncertainty": 1.4901960784313726,
                "quartiles": [
                    4.0,
                    7.0,
                    11.0
                ]
            },
            "mid-low": {
                "total_runs": 125,
                "sensitivity": 20.0,
                "harmfulness": 20.0,
                "prolog_uncertainty": 0.0,
                "quartiles": [
                    4.0,
                    7.0,
                    11.0
                ]
            },
            "mid-high": {
                "total_runs": 40,
                "sensitivity": 12.5,
                "harmfulness": 12.5,
                "prolog_uncertainty": 0.0,
                "quartiles": [
                    4.0,
                    7.0,
                    11.0
                ]
            },
            "high": {
                "total_runs": 20,
                "sensitivity": 0.0,
                "harmfulness": 0.0,
                "prolog_uncertainty": 0.0,
                "quartiles": [
                    4.0,
                    7.0,
                    11.0
                ]
            }
        }
    },
    "availability bias": {
        "sensitivity": 8.013698630136986,
        "harmfulness": 8.082191780821917,
        "total_runs": 1460,
        "prolog_uncertainty": 2.3972602739726026,
        "average_semantic_similarity_of_dilemmas": 0.3404207229614258,
        "average_levenshtein_distance_of_dilemmas": 0.36142660282117833,
        "complexity_analysis": {
            "low": {
                "total_runs": 690,
                "sensitivity": 6.521739130434782,
                "harmfulness": 7.82608695652174,
                "prolog_uncertainty": 2.1739130434782608,
                "quartiles": [
                    4.0,
                    7.0,
                    11.0
                ]
            },
            "high": {
                "total_runs": 240,
                "sensitivity": 17.083333333333332,
                "harmfulness": 12.083333333333334,
                "prolog_uncertainty": 5.833333333333333,
                "quartiles": [
                    4.0,
                    7.0,
                    11.0
                ]
            },
            "mid-low": {
                "total_runs": 285,
                "sensitivity": 3.8596491228070176,
                "harmfulness": 5.263157894736842,
                "prolog_uncertainty": 2.1052631578947367,
                "quartiles": [
                    4.0,
                    7.0,
                    11.0
                ]
            },
            "mid-high": {
                "total_runs": 245,
                "sensitivity": 8.16326530612245,
                "harmfulness": 8.16326530612245,
                "prolog_uncertainty": 0.0,
                "quartiles": [
                    4.0,
                    7.0,
                    11.0
                ]
            }
        }
    },
    "anchoring bias": {
        "sensitivity": 3.287671232876712,
        "harmfulness": 4.041095890410959,
        "total_runs": 1460,
        "prolog_uncertainty": 1.8493150684931507,
        "average_semantic_similarity_of_dilemmas": 0.3674003779888153,
        "average_levenshtein_distance_of_dilemmas": 0.35946130960813255,
        "complexity_analysis": {
            "high": {
                "total_runs": 305,
                "sensitivity": 5.573770491803279,
                "harmfulness": 5.901639344262295,
                "prolog_uncertainty": 0.32786885245901637,
                "quartiles": [
                    4.0,
                    7.0,
                    11.0
                ]
            },
            "mid-low": {
                "total_runs": 475,
                "sensitivity": 1.6842105263157894,
                "harmfulness": 3.3684210526315788,
                "prolog_uncertainty": 2.526315789473684,
                "quartiles": [
                    4.0,
                    7.0,
                    11.0
                ]
            },
            "mid-high": {
                "total_runs": 475,
                "sensitivity": 4.631578947368421,
                "harmfulness": 4.2105263157894735,
                "prolog_uncertainty": 2.1052631578947367,
                "quartiles": [
                    4.0,
                    7.0,
                    11.0
                ]
            },
            "low": {
                "total_runs": 205,
                "sensitivity": 0.4878048780487805,
                "harmfulness": 2.4390243902439024,
                "prolog_uncertainty": 1.951219512195122,
                "quartiles": [
                    4.0,
                    7.0,
                    11.0
                ]
            }
        }
    },
    "overconfidence bias": {
        "sensitivity": 7.123287671232877,
        "harmfulness": 7.191780821917808,
        "total_runs": 1460,
        "prolog_uncertainty": 1.9863013698630139,
        "average_semantic_similarity_of_dilemmas": 0.4083915054798126,
        "average_levenshtein_distance_of_dilemmas": 0.40143879830395734,
        "complexity_analysis": {
            "high": {
                "total_runs": 345,
                "sensitivity": 3.768115942028986,
                "harmfulness": 5.217391304347826,
                "prolog_uncertainty": 4.3478260869565215,
                "quartiles": [
                    4.0,
                    7.0,
                    11.0
                ]
            },
            "mid-high": {
                "total_runs": 455,
                "sensitivity": 7.6923076923076925,
                "harmfulness": 6.373626373626373,
                "prolog_uncertainty": 2.6373626373626373,