{
    "confirmation bias": {
        "sensitivity": 7.671232876712329,
        "harmfulness": 8.561643835616438,
        "total_runs": 1460,
        "prolog_uncertainty": 2.5342465753424657,
        "average_semantic_similarity_of_dilemmas": 0.33870378136634827,
        "average_levenshtein_distance_of_dilemmas": 0.3789385310167363,
        "complexity_analysis": {
            "low": {
                "total_runs": 495,
                "sensitivity": 3.4343434343434343,
                "harmfulness": 3.4343434343434343,
                "prolog_uncertainty": 0.0,
                "quartiles": [
                    4.0,
                    7.0,
                    11.0
                ]
            },
            "mid-low": {
                "total_runs": 625,
                "sensitivity": 3.6799999999999997,
                "harmfulness": 3.84,
                "prolog_uncertainty": 0.8,
                "quartiles": [
                    4.0,
                    7.0,
                    11.0
                ]
            },
            "mid-high": {
                "total_runs": 115,
                "sensitivity": 4.3478260869565215,
                "harmfulness": 4.3478260869565215,
                "prolog_uncertainty": 0.0,
                "quartiles": [
                    4.0,
                    7.0,
                    11.0
                ]
            },
            "high": {
                "total_runs": 225,
                "sensitivity": 29.777777777777775,
                "harmfulness": 35.11111111111111,
                "prolog_uncertainty": 14.222222222222221,
                "quartiles": [
                    4.0,
                    7.0,
                    11.0
                ]
            }
        }
    },
    "hyperbolic discounting": {
        "sensitivity": 14.452054794520548,
        "harmfulness": 15.41095890410959,
        "total_runs": 1460,
        "prolog_uncertainty": 0.9589041095890412,
        "average_semantic_similarity_of_dilemmas": 0.36036908626556396,
        "average_levenshtein_distance_of_dilemmas": 0.40378202302256067,
        "complexity_analysis": {
            "low": {
                "total_runs": 1275,
                "sensitivity": 14.901960784313726,
                "harmfulness": 15.607843137254902,
                "prolog_uncertainty": 0.7058823529411765,
                "quartiles": [
                    4.0,
                    7.0,
                    11.0
                ]
            },
            "mid-low": {
                "total_runs": 125,
                "sensitivity": 16.8,
                "harmfulness": 16.8,
                "prolog_uncertainty": 0.0,
                "quartiles": [
                    4.0,
                    7.0,
                    11.0
                ]
            },
            "mid-high": {
                "total_runs": 40,
                "sensitivity": 0.0,
                "harmfulness": 12.5,
                "prolog_uncertainty": 12.5,
                "quartiles": [
                    4.0,
                    7.0,
                    11.0
                ]
            },
            "high": {
                "total_runs": 20,
                "sensitivity": 0.0,
                "harmfulness": 0.0,
                "prolog_uncertainty": 0.0,
                "quartiles": [
                    4.0,
                    7.0,
                    11.0
                ]
            }
        }
    },
    "availability bias": {
        "sensitivity": 4.726027397260274,
        "harmfulness": 6.095890410958904,
        "total_runs": 1460,
        "prolog_uncertainty": 4.52054794520548,
        "average_semantic_similarity_of_dilemmas": 0.3404207229614258,
        "average_levenshtein_distance_of_dilemmas": 0.36142660282117833,
        "complexity_analysis": {
            "low": {
                "total_runs": 690,
                "sensitivity": 3.4782608695652173,
                "harmfulness": 4.3478260869565215,
                "prolog_uncertainty": 2.898550724637681,
                "quartiles": [
                    4.0,
                    7.0,
                    11.0
                ]
            },
            "high": {
                "total_runs": 240,
                "sensitivity": 11.25,
                "harmfulness": 13.333333333333334,
                "prolog_uncertainty": 6.25,
                "quartiles": [
                    4.0,
                    7.0,
                    11.0
                ]
            },
            "mid-low": {
                "total_runs": 285,
                "sensitivity": 4.2105263157894735,
                "harmfulness": 6.666666666666667,
                "prolog_uncertainty": 10.175438596491228,
                "quartiles": [
                    4.0,
                    7.0,
                    11.0
                ]
            },
            "mid-high": {
                "total_runs": 245,
                "sensitivity": 2.4489795918367347,
                "harmfulness": 3.2653061224489797,
                "prolog_uncertainty": 0.8163265306122449,
                "quartiles": [
                    4.0,
                    7.0,
                    11.0
                ]
            }
        }
    },
    "anchoring bias": {
        "sensitivity": 3.904109589041096,
        "harmfulness": 4.931506849315069,
        "total_runs": 1460,
        "prolog_uncertainty": 1.4383561643835616,
        "average_semantic_similarity_of_dilemmas": 0.3674003779888153,
        "average_levenshtein_distance_of_dilemmas": 0.35946130960813255,
        "complexity_analysis": {
            "high": {
                "total_runs": 305,
                "sensitivity": 5.245901639344262,
                "harmfulness": 6.885245901639345,
                "prolog_uncertainty": 1.639344262295082,
                "quartiles": [
                    4.0,
                    7.0,
                    11.0
                ]
            },
            "mid-low": {
                "total_runs": 475,
                "sensitivity": 3.578947368421052,
                "harmfulness": 4.2105263157894735,
                "prolog_uncertainty": 1.0526315789473684,
                "quartiles": [
                    4.0,
                    7.0,
                    11.0
                ]
            },
            "mid-high": {
                "total_runs": 475,
                "sensitivity": 3.578947368421052,
                "harmfulness": 5.473684210526316,
                "prolog_uncertainty": 1.8947368421052633,
                "quartiles": [
                    4.0,
                    7.0,
                    11.0
                ]
            },
            "low": {
                "total_runs": 205,
                "sensitivity": 3.414634146341464,
                "harmfulness": 2.4390243902439024,
                "prolog_uncertainty": 0.975609756097561,
                "quartiles": [
                    4.0,
                    7.0,
                    11.0
                ]
            }
        }
    },
    "overconfidence bias": {
        "sensitivity": 3.8356164383561646,
        "harmfulness": 3.6301369863013697,
        "total_runs": 1460,
        "prolog_uncertainty": 1.0273972602739725,
        "average_semantic_similarity_of_dilemmas": 0.4083915054798126,
        "average_levenshtein_distance_of_dilemmas": 0.40143879830395734,
        "complexity_analysis": {
            "high": {
                "total_runs": 345,
                "sensitivity": 2.0289855072463765,
                "harmfulness": 2.0289855072463765,
                "prolog_uncertainty": 0.0,
                "quartiles": [
                    4.0,
                    7.0,
                    11.0
                ]
            },
            "mid-high": {
                "total_runs": 455,
                "sensitivity": 4.175824175824175,
                "harmfulness": 3.5164835164835164,
                "prolog_uncertainty": 1.098901098901099,