{
    "confirmation bias": {
        "sensitivity": 2.054794520547945,
        "harmfulness": 4.10958904109589,
        "total_runs": 1460,
        "prolog_uncertainty": 3.5616438356164384,
        "average_semantic_similarity_of_dilemmas": 0.33870378136634827,
        "average_levenshtein_distance_of_dilemmas": 0.3789385310167363,
        "complexity_analysis": {
            "low": {
                "total_runs": 495,
                "sensitivity": 0.6060606060606061,
                "harmfulness": 1.4141414141414141,
                "prolog_uncertainty": 0.8080808080808081,
                "quartiles": [
                    4.0,
                    7.0,
                    11.0
                ]
            },
            "mid-low": {
                "total_runs": 625,
                "sensitivity": 0.32,
                "harmfulness": 0.32,
                "prolog_uncertainty": 0.0,
                "quartiles": [
                    4.0,
                    7.0,
                    11.0
                ]
            },
            "mid-high": {
                "total_runs": 115,
                "sensitivity": 4.3478260869565215,
                "harmfulness": 4.3478260869565215,
                "prolog_uncertainty": 8.695652173913043,
                "quartiles": [
                    4.0,
                    7.0,
                    11.0
                ]
            },
            "high": {
                "total_runs": 225,
                "sensitivity": 8.88888888888889,
                "harmfulness": 20.444444444444446,
                "prolog_uncertainty": 16.88888888888889,
                "quartiles": [
                    4.0,
                    7.0,
                    11.0
                ]
            }
        }
    },
    "hyperbolic discounting": {
        "sensitivity": 5.136986301369863,
        "harmfulness": 4.863013698630137,
        "total_runs": 1460,
        "prolog_uncertainty": 1.7808219178082192,
        "average_semantic_similarity_of_dilemmas": 0.36036908626556396,
        "average_levenshtein_distance_of_dilemmas": 0.40378202302256067,
        "complexity_analysis": {
            "low": {
                "total_runs": 1275,
                "sensitivity": 4.470588235294118,
                "harmfulness": 4.941176470588235,
                "prolog_uncertainty": 1.2549019607843137,
                "quartiles": [
                    4.0,
                    7.0,
                    11.0
                ]
            },
            "mid-low": {
                "total_runs": 125,
                "sensitivity": 10.4,
                "harmfulness": 6.4,
                "prolog_uncertainty": 4.0,
                "quartiles": [
                    4.0,
                    7.0,
                    11.0
                ]
            },
            "mid-high": {
                "total_runs": 40,
                "sensitivity": 12.5,
                "harmfulness": 0.0,
                "prolog_uncertainty": 12.5,
                "quartiles": [
                    4.0,
                    7.0,
                    11.0
                ]
            },
            "high": {
                "total_runs": 20,
                "sensitivity": 0.0,
                "harmfulness": 0.0,
                "prolog_uncertainty": 0.0,
                "quartiles": [
                    4.0,
                    7.0,
                    11.0
                ]
            }
        }
    },
    "availability bias": {
        "sensitivity": 3.5616438356164384,
        "harmfulness": 3.767123287671233,
        "total_runs": 1460,
        "prolog_uncertainty": 3.219178082191781,
        "average_semantic_similarity_of_dilemmas": 0.3404207229614258,
        "average_levenshtein_distance_of_dilemmas": 0.36142660282117833,
        "complexity_analysis": {
            "low": {
                "total_runs": 690,
                "sensitivity": 2.0289855072463765,
                "harmfulness": 2.4637681159420293,
                "prolog_uncertainty": 2.4637681159420293,
                "quartiles": [
                    4.0,
                    7.0,
                    11.0
                ]
            },
            "high": {
                "total_runs": 240,
                "sensitivity": 10.0,
                "harmfulness": 5.833333333333333,
                "prolog_uncertainty": 4.166666666666666,
                "quartiles": [
                    4.0,
                    7.0,
                    11.0
                ]
            },
            "mid-low": {
                "total_runs": 285,
                "sensitivity": 1.7543859649122806,
                "harmfulness": 5.614035087719298,
                "prolog_uncertainty": 6.666666666666667,
                "quartiles": [
                    4.0,
                    7.0,
                    11.0
                ]
            },
            "mid-high": {
                "total_runs": 245,
                "sensitivity": 3.6734693877551026,
                "harmfulness": 3.2653061224489797,
                "prolog_uncertainty": 0.40816326530612246,
                "quartiles": [
                    4.0,
                    7.0,
                    11.0
                ]
            }
        }
    },
    "anchoring bias": {
        "sensitivity": 1.8493150684931507,
        "harmfulness": 2.191780821917808,
        "total_runs": 1460,
        "prolog_uncertainty": 1.1643835616438356,
        "average_semantic_similarity_of_dilemmas": 0.3674003779888153,
        "average_levenshtein_distance_of_dilemmas": 0.35946130960813255,
        "complexity_analysis": {
            "high": {
                "total_runs": 305,
                "sensitivity": 4.2622950819672125,
                "harmfulness": 3.278688524590164,
                "prolog_uncertainty": 1.639344262295082,
                "quartiles": [
                    4.0,
                    7.0,
                    11.0
                ]
            },
            "mid-low": {
                "total_runs": 475,
                "sensitivity": 0.21052631578947367,
                "harmfulness": 1.263157894736842,
                "prolog_uncertainty": 1.0526315789473684,
                "quartiles": [
                    4.0,
                    7.0,
                    11.0
                ]
            },
            "mid-high": {
                "total_runs": 475,
                "sensitivity": 1.6842105263157894,
                "harmfulness": 2.3157894736842106,
                "prolog_uncertainty": 1.4736842105263157,
                "quartiles": [
                    4.0,
                    7.0,
                    11.0
                ]
            },
            "low": {
                "total_runs": 205,
                "sensitivity": 2.4390243902439024,
                "harmfulness": 2.4390243902439024,
                "prolog_uncertainty": 0.0,
                "quartiles": [
                    4.0,
                    7.0,
                    11.0
                ]
            }
        }
    },
    "overconfidence bias": {
        "sensitivity": 2.5342465753424657,
        "harmfulness": 2.1232876712328768,
        "total_runs": 1460,
        "prolog_uncertainty": 1.9178082191780823,
        "average_semantic_similarity_of_dilemmas": 0.4083915054798126,
        "average_levenshtein_distance_of_dilemmas": 0.40143879830395734,
        "complexity_analysis": {
            "high": {
                "total_runs": 345,
                "sensitivity": 2.0289855072463765,
                "harmfulness": 0.0,
                "prolog_uncertainty": 2.0289855072463765,
                "quartiles": [
                    4.0,
                    7.0,
                    11.0
                ]
            },
            "mid-high": {
                "total_runs": 455,
                "sensitivity": 0.0,
                "harmfulness": 2.197802197802198,
                "prolog_uncertainty": 2.197802197802198,