{
    "confirmation bias": {
        "sensitivity": 10.92032967032967,
        "harmfulness": 12.706043956043956,
        "total_runs": 1456,
        "prolog_uncertainty": 6.730769230769231,
        "average_semantic_similarity_of_dilemmas": 0.33870378136634827,
        "average_levenshtein_distance_of_dilemmas": 0.3789385310167363,
        "complexity_analysis": {
            "low": {
                "total_runs": 495,
                "sensitivity": 3.8383838383838382,
                "harmfulness": 3.8383838383838382,
                "prolog_uncertainty": 2.4242424242424243,
                "quartiles": [
                    4.0,
                    7.0,
                    11.0
                ]
            },
            "mid-low": {
                "total_runs": 625,
                "sensitivity": 9.6,
                "harmfulness": 8.0,
                "prolog_uncertainty": 2.2399999999999998,
                "quartiles": [
                    4.0,
                    7.0,
                    11.0
                ]
            },
            "mid-high": {
                "total_runs": 111,
                "sensitivity": 8.108108108108109,
                "harmfulness": 5.405405405405405,
                "prolog_uncertainty": 2.7027027027027026,
                "quartiles": [
                    4.0,
                    7.0,
                    11.0
                ]
            },
            "high": {
                "total_runs": 225,
                "sensitivity": 31.555555555555554,
                "harmfulness": 48.888888888888886,
                "prolog_uncertainty": 30.666666666666664,
                "quartiles": [
                    4.0,
                    7.0,
                    11.0
                ]
            }
        }
    },
    "hyperbolic discounting": {
        "sensitivity": 11.78082191780822,
        "harmfulness": 10.547945205479452,
        "total_runs": 1460,
        "prolog_uncertainty": 1.5068493150684932,
        "average_semantic_similarity_of_dilemmas": 0.36036908626556396,
        "average_levenshtein_distance_of_dilemmas": 0.40378202302256067,
        "complexity_analysis": {
            "low": {
                "total_runs": 1275,
                "sensitivity": 11.686274509803923,
                "harmfulness": 10.666666666666668,
                "prolog_uncertainty": 1.3333333333333335,
                "quartiles": [
                    4.0,
                    7.0,
                    11.0
                ]
            },
            "mid-low": {
                "total_runs": 125,
                "sensitivity": 14.399999999999999,
                "harmfulness": 14.399999999999999,
                "prolog_uncertainty": 0.0,
                "quartiles": [
                    4.0,
                    7.0,
                    11.0
                ]
            },
            "mid-high": {
                "total_runs": 40,
                "sensitivity": 12.5,
                "harmfulness": 0.0,
                "prolog_uncertainty": 12.5,
                "quartiles": [
                    4.0,
                    7.0,
                    11.0
                ]
            },
            "high": {
                "total_runs": 20,
                "sensitivity": 0.0,
                "harmfulness": 0.0,
                "prolog_uncertainty": 0.0,
                "quartiles": [
                    4.0,
                    7.0,
                    11.0
                ]
            }
        }
    },
    "availability bias": {
        "sensitivity": 8.63013698630137,
        "harmfulness": 7.397260273972603,
        "total_runs": 1460,
        "prolog_uncertainty": 6.575342465753424,
        "average_semantic_similarity_of_dilemmas": 0.3404207229614258,
        "average_levenshtein_distance_of_dilemmas": 0.36142660282117833,
        "complexity_analysis": {
            "low": {
                "total_runs": 690,
                "sensitivity": 7.246376811594203,
                "harmfulness": 5.942028985507246,
                "prolog_uncertainty": 6.231884057971015,
                "quartiles": [
                    4.0,
                    7.0,
                    11.0
                ]
            },
            "high": {
                "total_runs": 240,
                "sensitivity": 11.666666666666666,
                "harmfulness": 8.333333333333332,
                "prolog_uncertainty": 9.166666666666666,
                "quartiles": [
                    4.0,
                    7.0,
                    11.0
                ]
            },
            "mid-low": {
                "total_runs": 285,
                "sensitivity": 5.964912280701754,
                "harmfulness": 7.719298245614035,
                "prolog_uncertainty": 5.263157894736842,
                "quartiles": [
                    4.0,
                    7.0,
                    11.0
                ]
            },
            "mid-high": {
                "total_runs": 245,
                "sensitivity": 12.653061224489795,
                "harmfulness": 10.204081632653061,
                "prolog_uncertainty": 6.530612244897959,
                "quartiles": [
                    4.0,
                    7.0,
                    11.0
                ]
            }
        }
    },
    "anchoring bias": {
        "sensitivity": 8.21917808219178,
        "harmfulness": 8.424657534246576,
        "total_runs": 1460,
        "prolog_uncertainty": 5.9589041095890405,
        "average_semantic_similarity_of_dilemmas": 0.3674003779888153,
        "average_levenshtein_distance_of_dilemmas": 0.35946130960813255,
        "complexity_analysis": {
            "high": {
                "total_runs": 305,
                "sensitivity": 9.180327868852459,
                "harmfulness": 11.147540983606557,
                "prolog_uncertainty": 11.80327868852459,
                "quartiles": [
                    4.0,
                    7.0,
                    11.0
                ]
            },
            "mid-low": {
                "total_runs": 475,
                "sensitivity": 7.368421052631578,
                "harmfulness": 8.210526315789474,
                "prolog_uncertainty": 3.7894736842105265,
                "quartiles": [
                    4.0,
                    7.0,
                    11.0
                ]
            },
            "mid-high": {
                "total_runs": 475,
                "sensitivity": 7.578947368421053,
                "harmfulness": 6.105263157894736,
                "prolog_uncertainty": 4.842105263157895,
                "quartiles": [
                    4.0,
                    7.0,
                    11.0
                ]
            },
            "low": {
                "total_runs": 205,
                "sensitivity": 10.24390243902439,
                "harmfulness": 10.24390243902439,
                "prolog_uncertainty": 4.878048780487805,
                "quartiles": [
                    4.0,
                    7.0,
                    11.0
                ]
            }
        }
    },
    "overconfidence bias": {
        "sensitivity": 5.89041095890411,
        "harmfulness": 6.6438356164383565,
        "total_runs": 1460,
        "prolog_uncertainty": 1.4383561643835616,
        "average_semantic_similarity_of_dilemmas": 0.4083915054798126,
        "average_levenshtein_distance_of_dilemmas": 0.40143879830395734,
        "complexity_analysis": {
            "high": {
                "total_runs": 345,
                "sensitivity": 0.5797101449275363,
                "harmfulness": 0.5797101449275363,
                "prolog_uncertainty": 0.0,
                "quartiles": [
                    4.0,
                    7.0,
                    11.0
                ]
            },
            "mid-high": {
                "total_runs": 455,
                "sensitivity": 5.934065934065933,
                "harmfulness": 7.032967032967033,