{
    "confirmation bias": {
        "sensitivity": 13.356164383561644,
        "harmfulness": 16.91780821917808,
        "total_runs": 1460,
        "prolog_uncertainty": 6.575342465753424,
        "average_semantic_similarity_of_dilemmas": 0.33870378136634827,
        "average_levenshtein_distance_of_dilemmas": 0.3789385310167363,
        "complexity_analysis": {
            "low": {
                "total_runs": 495,
                "sensitivity": 9.494949494949495,
                "harmfulness": 8.484848484848486,
                "prolog_uncertainty": 1.0101010101010102,
                "quartiles": [
                    4.0,
                    7.0,
                    11.0
                ]
            },
            "mid-low": {
                "total_runs": 625,
                "sensitivity": 8.959999999999999,
                "harmfulness": 9.6,
                "prolog_uncertainty": 3.2,
                "quartiles": [
                    4.0,
                    7.0,
                    11.0
                ]
            },
            "mid-high": {
                "total_runs": 115,
                "sensitivity": 4.3478260869565215,
                "harmfulness": 0.8695652173913043,
                "prolog_uncertainty": 3.4782608695652173,
                "quartiles": [
                    4.0,
                    7.0,
                    11.0
                ]
            },
            "high": {
                "total_runs": 225,
                "sensitivity": 38.666666666666664,
                "harmfulness": 64.0,
                "prolog_uncertainty": 29.777777777777775,
                "quartiles": [
                    4.0,
                    7.0,
                    11.0
                ]
            }
        }
    },
    "hyperbolic discounting": {
        "sensitivity": 22.344071281699797,
        "harmfulness": 22.27553118574366,
        "total_runs": 1459,
        "prolog_uncertainty": 1.8505825908156273,
        "average_semantic_similarity_of_dilemmas": 0.36036908626556396,
        "average_levenshtein_distance_of_dilemmas": 0.40378202302256067,
        "complexity_analysis": {
            "low": {
                "total_runs": 1274,
                "sensitivity": 23.46938775510204,
                "harmfulness": 23.46938775510204,
                "prolog_uncertainty": 1.5698587127158554,
                "quartiles": [
                    4.0,
                    7.0,
                    11.0
                ]
            },
            "mid-low": {
                "total_runs": 125,
                "sensitivity": 19.2,
                "harmfulness": 17.599999999999998,
                "prolog_uncertainty": 1.6,
                "quartiles": [
                    4.0,
                    7.0,
                    11.0
                ]
            },
            "mid-high": {
                "total_runs": 40,
                "sensitivity": 7.5,
                "harmfulness": 10.0,
                "prolog_uncertainty": 12.5,
                "quartiles": [
                    4.0,
                    7.0,
                    11.0
                ]
            },
            "high": {
                "total_runs": 20,
                "sensitivity": 0.0,
                "harmfulness": 0.0,
                "prolog_uncertainty": 0.0,
                "quartiles": [
                    4.0,
                    7.0,
                    11.0
                ]
            }
        }
    },
    "availability bias": {
        "sensitivity": 8.356164383561644,
        "harmfulness": 9.58904109589041,
        "total_runs": 1460,
        "prolog_uncertainty": 5.068493150684931,
        "average_semantic_similarity_of_dilemmas": 0.3404207229614258,
        "average_levenshtein_distance_of_dilemmas": 0.36142660282117833,
        "complexity_analysis": {
            "low": {
                "total_runs": 690,
                "sensitivity": 6.956521739130435,
                "harmfulness": 7.971014492753622,
                "prolog_uncertainty": 4.782608695652174,
                "quartiles": [
                    4.0,
                    7.0,
                    11.0
                ]
            },
            "high": {
                "total_runs": 240,
                "sensitivity": 8.75,
                "harmfulness": 8.333333333333332,
                "prolog_uncertainty": 5.416666666666667,
                "quartiles": [
                    4.0,
                    7.0,
                    11.0
                ]
            },
            "mid-low": {
                "total_runs": 285,
                "sensitivity": 5.964912280701754,
                "harmfulness": 9.12280701754386,
                "prolog_uncertainty": 8.771929824561402,
                "quartiles": [
                    4.0,
                    7.0,
                    11.0
                ]
            },
            "mid-high": {
                "total_runs": 245,
                "sensitivity": 14.69387755102041,
                "harmfulness": 15.918367346938775,
                "prolog_uncertainty": 1.2244897959183674,
                "quartiles": [
                    4.0,
                    7.0,
                    11.0
                ]
            }
        }
    },
    "anchoring bias": {
        "sensitivity": 5.9589041095890405,
        "harmfulness": 7.739726027397261,
        "total_runs": 1460,
        "prolog_uncertainty": 5.068493150684931,
        "average_semantic_similarity_of_dilemmas": 0.3674003779888153,
        "average_levenshtein_distance_of_dilemmas": 0.35946130960813255,
        "complexity_analysis": {
            "high": {
                "total_runs": 305,
                "sensitivity": 6.885245901639345,
                "harmfulness": 10.491803278688524,
                "prolog_uncertainty": 10.163934426229508,
                "quartiles": [
                    4.0,
                    7.0,
                    11.0
                ]
            },
            "mid-low": {
                "total_runs": 475,
                "sensitivity": 5.473684210526316,
                "harmfulness": 7.157894736842104,
                "prolog_uncertainty": 2.1052631578947367,
                "quartiles": [
                    4.0,
                    7.0,
                    11.0
                ]
            },
            "mid-high": {
                "total_runs": 475,
                "sensitivity": 6.315789473684211,
                "harmfulness": 7.7894736842105265,
                "prolog_uncertainty": 4.842105263157895,
                "quartiles": [
                    4.0,
                    7.0,
                    11.0
                ]
            },
            "low": {
                "total_runs": 205,
                "sensitivity": 4.878048780487805,
                "harmfulness": 4.878048780487805,
                "prolog_uncertainty": 4.878048780487805,
                "quartiles": [
                    4.0,
                    7.0,
                    11.0
                ]
            }
        }
    },
    "overconfidence bias": {
        "sensitivity": 8.287671232876713,
        "harmfulness": 8.63013698630137,
        "total_runs": 1460,
        "prolog_uncertainty": 1.0273972602739725,
        "average_semantic_similarity_of_dilemmas": 0.4083915054798126,
        "average_levenshtein_distance_of_dilemmas": 0.40143879830395734,
        "complexity_analysis": {
            "high": {
                "total_runs": 345,
                "sensitivity": 5.217391304347826,
                "harmfulness": 3.768115942028986,
                "prolog_uncertainty": 1.4492753623188406,
                "quartiles": [
                    4.0,
                    7.0,
                    11.0
                ]
            },
            "mid-high": {
                "total_runs": 455,
                "sensitivity": 8.131868131868131,
                "harmfulness": 10.329670329670328,
                "prolog_uncertainty": 2.197802197802198,