{
    "confirmation bias": {
        "sensitivity": 3.9726027397260277,
        "harmfulness": 6.712328767123288,
        "total_runs": 1460,
        "prolog_uncertainty": 3.5616438356164384,
        "average_semantic_similarity_of_dilemmas": 0.33870378136634827,
        "average_levenshtein_distance_of_dilemmas": 0.3789385310167363,
        "complexity_analysis": {
            "low": {
                "total_runs": 495,
                "sensitivity": 2.8282828282828283,
                "harmfulness": 3.0303030303030303,
                "prolog_uncertainty": 0.20202020202020202,
                "quartiles": [
                    4.0,
                    7.0,
                    11.0
                ]
            },
            "mid-low": {
                "total_runs": 625,
                "sensitivity": 1.28,
                "harmfulness": 1.28,
                "prolog_uncertainty": 0.96,
                "quartiles": [
                    4.0,
                    7.0,
                    11.0
                ]
            },
            "mid-high": {
                "total_runs": 115,
                "sensitivity": 0.0,
                "harmfulness": 0.0,
                "prolog_uncertainty": 0.0,
                "quartiles": [
                    4.0,
                    7.0,
                    11.0
                ]
            },
            "high": {
                "total_runs": 225,
                "sensitivity": 16.0,
                "harmfulness": 33.33333333333333,
                "prolog_uncertainty": 20.0,
                "quartiles": [
                    4.0,
                    7.0,
                    11.0
                ]
            }
        }
    },
    "hyperbolic discounting": {
        "sensitivity": 5.273972602739726,
        "harmfulness": 5.9589041095890405,
        "total_runs": 1460,
        "prolog_uncertainty": 0.684931506849315,
        "average_semantic_similarity_of_dilemmas": 0.36036908626556396,
        "average_levenshtein_distance_of_dilemmas": 0.40378202302256067,
        "complexity_analysis": {
            "low": {
                "total_runs": 1275,
                "sensitivity": 4.941176470588235,
                "harmfulness": 5.333333333333334,
                "prolog_uncertainty": 0.39215686274509803,
                "quartiles": [
                    4.0,
                    7.0,
                    11.0
                ]
            },
            "mid-low": {
                "total_runs": 125,
                "sensitivity": 11.200000000000001,
                "harmfulness": 11.200000000000001,
                "prolog_uncertainty": 0.0,
                "quartiles": [
                    4.0,
                    7.0,
                    11.0
                ]
            },
            "mid-high": {
                "total_runs": 40,
                "sensitivity": 0.0,
                "harmfulness": 12.5,
                "prolog_uncertainty": 12.5,
                "quartiles": [
                    4.0,
                    7.0,
                    11.0
                ]
            },
            "high": {
                "total_runs": 20,
                "sensitivity": 0.0,
                "harmfulness": 0.0,
                "prolog_uncertainty": 0.0,
                "quartiles": [
                    4.0,
                    7.0,
                    11.0
                ]
            }
        }
    },
    "availability bias": {
        "sensitivity": 5.0,
        "harmfulness": 5.821917808219178,
        "total_runs": 1460,
        "prolog_uncertainty": 4.10958904109589,
        "average_semantic_similarity_of_dilemmas": 0.3404207229614258,
        "average_levenshtein_distance_of_dilemmas": 0.36142660282117833,
        "complexity_analysis": {
            "low": {
                "total_runs": 690,
                "sensitivity": 3.4782608695652173,
                "harmfulness": 3.768115942028986,
                "prolog_uncertainty": 2.898550724637681,
                "quartiles": [
                    4.0,
                    7.0,
                    11.0
                ]
            },
            "high": {
                "total_runs": 240,
                "sensitivity": 11.25,
                "harmfulness": 12.083333333333334,
                "prolog_uncertainty": 5.0,
                "quartiles": [
                    4.0,
                    7.0,
                    11.0
                ]
            },
            "mid-low": {
                "total_runs": 285,
                "sensitivity": 4.56140350877193,
                "harmfulness": 6.666666666666667,
                "prolog_uncertainty": 9.12280701754386,
                "quartiles": [
                    4.0,
                    7.0,
                    11.0
                ]
            },
            "mid-high": {
                "total_runs": 245,
                "sensitivity": 3.6734693877551026,
                "harmfulness": 4.489795918367347,
                "prolog_uncertainty": 0.8163265306122449,
                "quartiles": [
                    4.0,
                    7.0,
                    11.0
                ]
            }
        }
    },
    "anchoring bias": {
        "sensitivity": 3.4246575342465753,
        "harmfulness": 3.287671232876712,
        "total_runs": 1460,
        "prolog_uncertainty": 2.6027397260273974,
        "average_semantic_similarity_of_dilemmas": 0.3674003779888153,
        "average_levenshtein_distance_of_dilemmas": 0.35946130960813255,
        "complexity_analysis": {
            "high": {
                "total_runs": 305,
                "sensitivity": 5.901639344262295,
                "harmfulness": 7.213114754098362,
                "prolog_uncertainty": 4.590163934426229,
                "quartiles": [
                    4.0,
                    7.0,
                    11.0
                ]
            },
            "mid-low": {
                "total_runs": 475,
                "sensitivity": 2.736842105263158,
                "harmfulness": 2.1052631578947367,
                "prolog_uncertainty": 1.4736842105263157,
                "quartiles": [
                    4.0,
                    7.0,
                    11.0
                ]
            },
            "mid-high": {
                "total_runs": 475,
                "sensitivity": 3.3684210526315788,
                "harmfulness": 2.736842105263158,
                "prolog_uncertainty": 3.578947368421052,
                "quartiles": [
                    4.0,
                    7.0,
                    11.0
                ]
            },
            "low": {
                "total_runs": 205,
                "sensitivity": 1.4634146341463417,
                "harmfulness": 1.4634146341463417,
                "prolog_uncertainty": 0.0,
                "quartiles": [
                    4.0,
                    7.0,
                    11.0
                ]
            }
        }
    },
    "overconfidence bias": {
        "sensitivity": 2.73972602739726,
        "harmfulness": 2.6027397260273974,
        "total_runs": 1460,
        "prolog_uncertainty": 1.5068493150684932,
        "average_semantic_similarity_of_dilemmas": 0.4083915054798126,
        "average_levenshtein_distance_of_dilemmas": 0.40143879830395734,
        "complexity_analysis": {
            "high": {
                "total_runs": 345,
                "sensitivity": 1.7391304347826086,
                "harmfulness": 1.7391304347826086,
                "prolog_uncertainty": 0.0,
                "quartiles": [
                    4.0,
                    7.0,
                    11.0
                ]
            },
            "mid-high": {
                "total_runs": 455,
                "sensitivity": 2.6373626373626373,
                "harmfulness": 2.6373626373626373,
                "prolog_uncertainty": 2.197802197802198,