{
    "confirmation bias": {
        "sensitivity": 19.328307059629886,
        "harmfulness": 20.973269362577106,
        "total_runs": 1459,
        "prolog_uncertainty": 3.289924605894448,
        "average_semantic_similarity_of_dilemmas": 0.33870378136634827,
        "average_levenshtein_distance_of_dilemmas": 0.3789385310167363,
        "complexity_analysis": {
            "low": {
                "total_runs": 495,
                "sensitivity": 11.313131313131313,
                "harmfulness": 10.505050505050505,
                "prolog_uncertainty": 0.8080808080808081,
                "quartiles": [
                    4.0,
                    7.0,
                    11.0
                ]
            },
            "mid-low": {
                "total_runs": 625,
                "sensitivity": 14.24,
                "harmfulness": 15.840000000000002,
                "prolog_uncertainty": 2.2399999999999998,
                "quartiles": [
                    4.0,
                    7.0,
                    11.0
                ]
            },
            "mid-high": {
                "total_runs": 114,
                "sensitivity": 22.807017543859647,
                "harmfulness": 22.807017543859647,
                "prolog_uncertainty": 0.0,
                "quartiles": [
                    4.0,
                    7.0,
                    11.0
                ]
            },
            "high": {
                "total_runs": 225,
                "sensitivity": 49.333333333333336,
                "harmfulness": 57.333333333333336,
                "prolog_uncertainty": 13.333333333333334,
                "quartiles": [
                    4.0,
                    7.0,
                    11.0
                ]
            }
        }
    },
    "hyperbolic discounting": {
        "sensitivity": 31.11720356408499,
        "harmfulness": 33.24194653872515,
        "total_runs": 1459,
        "prolog_uncertainty": 3.495544893762851,
        "average_semantic_similarity_of_dilemmas": 0.36036908626556396,
        "average_levenshtein_distance_of_dilemmas": 0.40378202302256067,
        "complexity_analysis": {
            "low": {
                "total_runs": 1274,
                "sensitivity": 31.94662480376766,
                "harmfulness": 34.61538461538461,
                "prolog_uncertainty": 3.767660910518053,
                "quartiles": [
                    4.0,
                    7.0,
                    11.0
                ]
            },
            "mid-low": {
                "total_runs": 125,
                "sensitivity": 36.0,
                "harmfulness": 34.4,
                "prolog_uncertainty": 1.6,
                "quartiles": [
                    4.0,
                    7.0,
                    11.0
                ]
            },
            "mid-high": {
                "total_runs": 40,
                "sensitivity": 2.5,
                "harmfulness": 0.0,
                "prolog_uncertainty": 2.5,
                "quartiles": [
                    4.0,
                    7.0,
                    11.0
                ]
            },
            "high": {
                "total_runs": 20,
                "sensitivity": 5.0,
                "harmfulness": 5.0,
                "prolog_uncertainty": 0.0,
                "quartiles": [
                    4.0,
                    7.0,
                    11.0
                ]
            }
        }
    },
    "availability bias": {
        "sensitivity": 11.446196024674435,
        "harmfulness": 12.954078135709391,
        "total_runs": 1459,
        "prolog_uncertainty": 5.20904729266621,
        "average_semantic_similarity_of_dilemmas": 0.3404207229614258,
        "average_levenshtein_distance_of_dilemmas": 0.36142660282117833,
        "complexity_analysis": {
            "low": {
                "total_runs": 689,
                "sensitivity": 9.288824383164005,
                "harmfulness": 11.030478955007258,
                "prolog_uncertainty": 4.934687953555878,
                "quartiles": [
                    4.0,
                    7.0,
                    11.0
                ]
            },
            "high": {
                "total_runs": 240,
                "sensitivity": 22.5,
                "harmfulness": 22.5,
                "prolog_uncertainty": 4.166666666666666,
                "quartiles": [
                    4.0,
                    7.0,
                    11.0
                ]
            },
            "mid-low": {
                "total_runs": 285,
                "sensitivity": 8.070175438596491,
                "harmfulness": 9.824561403508772,
                "prolog_uncertainty": 8.771929824561402,
                "quartiles": [
                    4.0,
                    7.0,
                    11.0
                ]
            },
            "mid-high": {
                "total_runs": 245,
                "sensitivity": 10.612244897959183,
                "harmfulness": 12.653061224489795,
                "prolog_uncertainty": 2.857142857142857,
                "quartiles": [
                    4.0,
                    7.0,
                    11.0
                ]
            }
        }
    },
    "anchoring bias": {
        "sensitivity": 8.835616438356164,
        "harmfulness": 10.616438356164384,
        "total_runs": 1460,
        "prolog_uncertainty": 2.191780821917808,
        "average_semantic_similarity_of_dilemmas": 0.3674003779888153,
        "average_levenshtein_distance_of_dilemmas": 0.35946130960813255,
        "complexity_analysis": {
            "high": {
                "total_runs": 305,
                "sensitivity": 11.147540983606557,
                "harmfulness": 12.459016393442624,
                "prolog_uncertainty": 1.3114754098360655,
                "quartiles": [
                    4.0,
                    7.0,
                    11.0
                ]
            },
            "mid-low": {
                "total_runs": 475,
                "sensitivity": 7.578947368421053,
                "harmfulness": 9.473684210526317,
                "prolog_uncertainty": 1.8947368421052633,
                "quartiles": [
                    4.0,
                    7.0,
                    11.0
                ]
            },
            "mid-high": {
                "total_runs": 475,
                "sensitivity": 9.473684210526317,
                "harmfulness": 12.0,
                "prolog_uncertainty": 2.9473684210526314,
                "quartiles": [
                    4.0,
                    7.0,
                    11.0
                ]
            },
            "low": {
                "total_runs": 205,
                "sensitivity": 6.829268292682928,
                "harmfulness": 7.317073170731707,
                "prolog_uncertainty": 2.4390243902439024,
                "quartiles": [
                    4.0,
                    7.0,
                    11.0
                ]
            }
        }
    },
    "overconfidence bias": {
        "sensitivity": 11.643835616438356,
        "harmfulness": 12.32876712328767,
        "total_runs": 1460,
        "prolog_uncertainty": 1.095890410958904,
        "average_semantic_similarity_of_dilemmas": 0.4083915054798126,
        "average_levenshtein_distance_of_dilemmas": 0.40143879830395734,
        "complexity_analysis": {
            "high": {
                "total_runs": 345,
                "sensitivity": 9.565217391304348,
                "harmfulness": 10.434782608695652,
                "prolog_uncertainty": 1.4492753623188406,
                "quartiles": [
                    4.0,
                    7.0,
                    11.0
                ]
            },
            "mid-high": {
                "total_runs": 455,
                "sensitivity": 13.406593406593407,
                "harmfulness": 13.626373626373626,
                "prolog_uncertainty": 0.21978021978021978,