{
    "confirmation bias": {
        "sensitivity": 3.904109589041096,
        "harmfulness": 6.232876712328768,
        "total_runs": 1460,
        "prolog_uncertainty": 3.9726027397260277,
        "average_semantic_similarity_of_dilemmas": 0.33870378136634827,
        "average_levenshtein_distance_of_dilemmas": 0.3789385310167363,
        "complexity_analysis": {
            "low": {
                "total_runs": 495,
                "sensitivity": 2.4242424242424243,
                "harmfulness": 3.0303030303030303,
                "prolog_uncertainty": 1.0101010101010102,
                "quartiles": [
                    4.0,
                    7.0,
                    11.0
                ]
            },
            "mid-low": {
                "total_runs": 625,
                "sensitivity": 1.28,
                "harmfulness": 1.1199999999999999,
                "prolog_uncertainty": 0.16,
                "quartiles": [
                    4.0,
                    7.0,
                    11.0
                ]
            },
            "mid-high": {
                "total_runs": 115,
                "sensitivity": 5.217391304347826,
                "harmfulness": 0.8695652173913043,
                "prolog_uncertainty": 6.086956521739131,
                "quartiles": [
                    4.0,
                    7.0,
                    11.0
                ]
            },
            "high": {
                "total_runs": 225,
                "sensitivity": 13.777777777777779,
                "harmfulness": 30.22222222222222,
                "prolog_uncertainty": 20.0,
                "quartiles": [
                    4.0,
                    7.0,
                    11.0
                ]
            }
        }
    },
    "hyperbolic discounting": {
        "sensitivity": 4.931506849315069,
        "harmfulness": 5.0,
        "total_runs": 1460,
        "prolog_uncertainty": 1.3013698630136987,
        "average_semantic_similarity_of_dilemmas": 0.36036908626556396,
        "average_levenshtein_distance_of_dilemmas": 0.40378202302256067,
        "complexity_analysis": {
            "low": {
                "total_runs": 1275,
                "sensitivity": 4.549019607843137,
                "harmfulness": 4.627450980392156,
                "prolog_uncertainty": 0.7058823529411765,
                "quartiles": [
                    4.0,
                    7.0,
                    11.0
                ]
            },
            "mid-low": {
                "total_runs": 125,
                "sensitivity": 11.200000000000001,
                "harmfulness": 7.199999999999999,
                "prolog_uncertainty": 4.0,
                "quartiles": [
                    4.0,
                    7.0,
                    11.0
                ]
            },
            "mid-high": {
                "total_runs": 40,
                "sensitivity": 0.0,
                "harmfulness": 12.5,
                "prolog_uncertainty": 12.5,
                "quartiles": [
                    4.0,
                    7.0,
                    11.0
                ]
            },
            "high": {
                "total_runs": 20,
                "sensitivity": 0.0,
                "harmfulness": 0.0,
                "prolog_uncertainty": 0.0,
                "quartiles": [
                    4.0,
                    7.0,
                    11.0
                ]
            }
        }
    },
    "availability bias": {
        "sensitivity": 5.68882796435915,
        "harmfulness": 6.100068540095957,
        "total_runs": 1459,
        "prolog_uncertainty": 4.797806716929403,
        "average_semantic_similarity_of_dilemmas": 0.3404207229614258,
        "average_levenshtein_distance_of_dilemmas": 0.36142660282117833,
        "complexity_analysis": {
            "low": {
                "total_runs": 690,
                "sensitivity": 4.63768115942029,
                "harmfulness": 4.202898550724638,
                "prolog_uncertainty": 3.6231884057971016,
                "quartiles": [
                    4.0,
                    7.0,
                    11.0
                ]
            },
            "high": {
                "total_runs": 239,
                "sensitivity": 10.460251046025103,
                "harmfulness": 8.368200836820083,
                "prolog_uncertainty": 5.439330543933055,
                "quartiles": [
                    4.0,
                    7.0,
                    11.0
                ]
            },
            "mid-low": {
                "total_runs": 285,
                "sensitivity": 3.8596491228070176,
                "harmfulness": 8.771929824561402,
                "prolog_uncertainty": 11.228070175438596,
                "quartiles": [
                    4.0,
                    7.0,
                    11.0
                ]
            },
            "mid-high": {
                "total_runs": 245,
                "sensitivity": 6.122448979591836,
                "harmfulness": 6.122448979591836,
                "prolog_uncertainty": 0.0,
                "quartiles": [
                    4.0,
                    7.0,
                    11.0
                ]
            }
        }
    },
    "anchoring bias": {
        "sensitivity": 3.0821917808219177,
        "harmfulness": 3.219178082191781,
        "total_runs": 1460,
        "prolog_uncertainty": 2.8767123287671232,
        "average_semantic_similarity_of_dilemmas": 0.3674003779888153,
        "average_levenshtein_distance_of_dilemmas": 0.35946130960813255,
        "complexity_analysis": {
            "high": {
                "total_runs": 305,
                "sensitivity": 3.606557377049181,
                "harmfulness": 4.918032786885246,
                "prolog_uncertainty": 5.901639344262295,
                "quartiles": [
                    4.0,
                    7.0,
                    11.0
                ]
            },
            "mid-low": {
                "total_runs": 475,
                "sensitivity": 2.3157894736842106,
                "harmfulness": 2.3157894736842106,
                "prolog_uncertainty": 2.1052631578947367,
                "quartiles": [
                    4.0,
                    7.0,
                    11.0
                ]
            },
            "mid-high": {
                "total_runs": 475,
                "sensitivity": 3.7894736842105265,
                "harmfulness": 3.3684210526315788,
                "prolog_uncertainty": 2.9473684210526314,
                "quartiles": [
                    4.0,
                    7.0,
                    11.0
                ]
            },
            "low": {
                "total_runs": 205,
                "sensitivity": 2.4390243902439024,
                "harmfulness": 2.4390243902439024,
                "prolog_uncertainty": 0.0,
                "quartiles": [
                    4.0,
                    7.0,
                    11.0
                ]
            }
        }
    },
    "overconfidence bias": {
        "sensitivity": 3.287671232876712,
        "harmfulness": 2.671232876712329,
        "total_runs": 1460,
        "prolog_uncertainty": 1.9863013698630139,
        "average_semantic_similarity_of_dilemmas": 0.4083915054798126,
        "average_levenshtein_distance_of_dilemmas": 0.40143879830395734,
        "complexity_analysis": {
            "high": {
                "total_runs": 345,
                "sensitivity": 1.7391304347826086,
                "harmfulness": 1.1594202898550725,
                "prolog_uncertainty": 0.5797101449275363,
                "quartiles": [
                    4.0,
                    7.0,
                    11.0
                ]
            },
            "mid-high": {
                "total_runs": 455,
                "sensitivity": 3.7362637362637363,
                "harmfulness": 2.197802197802198,
                "prolog_uncertainty": 3.7362637362637363,