{
    "confirmation bias": {
        "sensitivity": 7.9452054794520555,
        "harmfulness": 8.835616438356164,
        "total_runs": 1460,
        "prolog_uncertainty": 6.506849315068493,
        "average_semantic_similarity_of_dilemmas": 0.33870378136634827,
        "average_levenshtein_distance_of_dilemmas": 0.3789385310167363,
        "complexity_analysis": {
            "low": {
                "total_runs": 495,
                "sensitivity": 3.8383838383838382,
                "harmfulness": 4.848484848484849,
                "prolog_uncertainty": 3.0303030303030303,
                "quartiles": [
                    4.0,
                    7.0,
                    11.0
                ]
            },
            "mid-low": {
                "total_runs": 625,
                "sensitivity": 3.52,
                "harmfulness": 1.1199999999999999,
                "prolog_uncertainty": 4.0,
                "quartiles": [
                    4.0,
                    7.0,
                    11.0
                ]
            },
            "mid-high": {
                "total_runs": 115,
                "sensitivity": 4.3478260869565215,
                "harmfulness": 0.0,
                "prolog_uncertainty": 4.3478260869565215,
                "quartiles": [
                    4.0,
                    7.0,
                    11.0
                ]
            },
            "high": {
                "total_runs": 225,
                "sensitivity": 31.11111111111111,
                "harmfulness": 43.55555555555555,
                "prolog_uncertainty": 22.22222222222222,
                "quartiles": [
                    4.0,
                    7.0,
                    11.0
                ]
            }
        }
    },
    "hyperbolic discounting": {
        "sensitivity": 5.5479452054794525,
        "harmfulness": 5.205479452054795,
        "total_runs": 1460,
        "prolog_uncertainty": 1.9863013698630139,
        "average_semantic_similarity_of_dilemmas": 0.36036908626556396,
        "average_levenshtein_distance_of_dilemmas": 0.40378202302256067,
        "complexity_analysis": {
            "low": {
                "total_runs": 1275,
                "sensitivity": 5.411764705882352,
                "harmfulness": 5.333333333333334,
                "prolog_uncertainty": 1.4901960784313726,
                "quartiles": [
                    4.0,
                    7.0,
                    11.0
                ]
            },
            "mid-low": {
                "total_runs": 125,
                "sensitivity": 8.0,
                "harmfulness": 4.0,
                "prolog_uncertainty": 4.0,
                "quartiles": [
                    4.0,
                    7.0,
                    11.0
                ]
            },
            "mid-high": {
                "total_runs": 40,
                "sensitivity": 5.0,
                "harmfulness": 7.5,
                "prolog_uncertainty": 12.5,
                "quartiles": [
                    4.0,
                    7.0,
                    11.0
                ]
            },
            "high": {
                "total_runs": 20,
                "sensitivity": 0.0,
                "harmfulness": 0.0,
                "prolog_uncertainty": 0.0,
                "quartiles": [
                    4.0,
                    7.0,
                    11.0
                ]
            }
        }
    },
    "availability bias": {
        "sensitivity": 5.9589041095890405,
        "harmfulness": 6.917808219178082,
        "total_runs": 1460,
        "prolog_uncertainty": 6.438356164383562,
        "average_semantic_similarity_of_dilemmas": 0.3404207229614258,
        "average_levenshtein_distance_of_dilemmas": 0.36142660282117833,
        "complexity_analysis": {
            "low": {
                "total_runs": 690,
                "sensitivity": 5.217391304347826,
                "harmfulness": 5.072463768115942,
                "prolog_uncertainty": 4.492753623188406,
                "quartiles": [
                    4.0,
                    7.0,
                    11.0
                ]
            },
            "high": {
                "total_runs": 240,
                "sensitivity": 10.416666666666668,
                "harmfulness": 8.333333333333332,
                "prolog_uncertainty": 10.416666666666668,
                "quartiles": [
                    4.0,
                    7.0,
                    11.0
                ]
            },
            "mid-low": {
                "total_runs": 285,
                "sensitivity": 3.8596491228070176,
                "harmfulness": 7.368421052631578,
                "prolog_uncertainty": 9.824561403508772,
                "quartiles": [
                    4.0,
                    7.0,
                    11.0
                ]
            },
            "mid-high": {
                "total_runs": 245,
                "sensitivity": 6.122448979591836,
                "harmfulness": 10.204081632653061,
                "prolog_uncertainty": 4.081632653061225,
                "quartiles": [
                    4.0,
                    7.0,
                    11.0
                ]
            }
        }
    },
    "anchoring bias": {
        "sensitivity": 5.821917808219178,
        "harmfulness": 4.178082191780822,
        "total_runs": 1460,
        "prolog_uncertainty": 3.9726027397260277,
        "average_semantic_similarity_of_dilemmas": 0.3674003779888153,
        "average_levenshtein_distance_of_dilemmas": 0.35946130960813255,
        "complexity_analysis": {
            "high": {
                "total_runs": 305,
                "sensitivity": 6.557377049180328,
                "harmfulness": 6.557377049180328,
                "prolog_uncertainty": 6.557377049180328,
                "quartiles": [
                    4.0,
                    7.0,
                    11.0
                ]
            },
            "mid-low": {
                "total_runs": 475,
                "sensitivity": 3.7894736842105265,
                "harmfulness": 3.7894736842105265,
                "prolog_uncertainty": 2.1052631578947367,
                "quartiles": [
                    4.0,
                    7.0,
                    11.0
                ]
            },
            "mid-high": {
                "total_runs": 475,
                "sensitivity": 6.315789473684211,
                "harmfulness": 3.3684210526315788,
                "prolog_uncertainty": 3.3684210526315788,
                "quartiles": [
                    4.0,
                    7.0,
                    11.0
                ]
            },
            "low": {
                "total_runs": 205,
                "sensitivity": 8.292682926829269,
                "harmfulness": 3.414634146341464,
                "prolog_uncertainty": 5.853658536585367,
                "quartiles": [
                    4.0,
                    7.0,
                    11.0
                ]
            }
        }
    },
    "overconfidence bias": {
        "sensitivity": 2.8767123287671232,
        "harmfulness": 3.493150684931507,
        "total_runs": 1460,
        "prolog_uncertainty": 1.4383561643835616,
        "average_semantic_similarity_of_dilemmas": 0.4083915054798126,
        "average_levenshtein_distance_of_dilemmas": 0.40143879830395734,
        "complexity_analysis": {
            "high": {
                "total_runs": 345,
                "sensitivity": 1.4492753623188406,
                "harmfulness": 1.1594202898550725,
                "prolog_uncertainty": 0.2898550724637681,
                "quartiles": [
                    4.0,
                    7.0,
                    11.0
                ]
            },
            "mid-high": {
                "total_runs": 455,
                "sensitivity": 2.857142857142857,
                "harmfulness": 4.175824175824175,
                "prolog_uncertainty": 3.076923076923077,