{
    "confirmation bias": {
        "sensitivity": 2.808219178082192,
        "harmfulness": 5.068493150684931,
        "total_runs": 1460,
        "prolog_uncertainty": 4.041095890410959,
        "average_semantic_similarity_of_dilemmas": 0.33870378136634827,
        "average_levenshtein_distance_of_dilemmas": 0.3789385310167363,
        "complexity_analysis": {
            "low": {
                "total_runs": 495,
                "sensitivity": 1.0101010101010102,
                "harmfulness": 1.0101010101010102,
                "prolog_uncertainty": 0.0,
                "quartiles": [
                    4.0,
                    7.0,
                    11.0
                ]
            },
            "mid-low": {
                "total_runs": 625,
                "sensitivity": 1.28,
                "harmfulness": 1.44,
                "prolog_uncertainty": 0.16,
                "quartiles": [
                    4.0,
                    7.0,
                    11.0
                ]
            },
            "mid-high": {
                "total_runs": 115,
                "sensitivity": 6.086956521739131,
                "harmfulness": 4.3478260869565215,
                "prolog_uncertainty": 10.434782608695652,
                "quartiles": [
                    4.0,
                    7.0,
                    11.0
                ]
            },
            "high": {
                "total_runs": 225,
                "sensitivity": 9.333333333333334,
                "harmfulness": 24.444444444444443,
                "prolog_uncertainty": 20.444444444444446,
                "quartiles": [
                    4.0,
                    7.0,
                    11.0
                ]
            }
        }
    },
    "hyperbolic discounting": {
        "sensitivity": 4.041095890410959,
        "harmfulness": 4.041095890410959,
        "total_runs": 1460,
        "prolog_uncertainty": 0.684931506849315,
        "average_semantic_similarity_of_dilemmas": 0.36036908626556396,
        "average_levenshtein_distance_of_dilemmas": 0.40378202302256067,
        "complexity_analysis": {
            "low": {
                "total_runs": 1275,
                "sensitivity": 3.8431372549019605,
                "harmfulness": 4.235294117647059,
                "prolog_uncertainty": 0.39215686274509803,
                "quartiles": [
                    4.0,
                    7.0,
                    11.0
                ]
            },
            "mid-low": {
                "total_runs": 125,
                "sensitivity": 4.0,
                "harmfulness": 4.0,
                "prolog_uncertainty": 0.0,
                "quartiles": [
                    4.0,
                    7.0,
                    11.0
                ]
            },
            "mid-high": {
                "total_runs": 40,
                "sensitivity": 12.5,
                "harmfulness": 0.0,
                "prolog_uncertainty": 12.5,
                "quartiles": [
                    4.0,
                    7.0,
                    11.0
                ]
            },
            "high": {
                "total_runs": 20,
                "sensitivity": 0.0,
                "harmfulness": 0.0,
                "prolog_uncertainty": 0.0,
                "quartiles": [
                    4.0,
                    7.0,
                    11.0
                ]
            }
        }
    },
    "availability bias": {
        "sensitivity": 4.52054794520548,
        "harmfulness": 5.616438356164384,
        "total_runs": 1460,
        "prolog_uncertainty": 3.9726027397260277,
        "average_semantic_similarity_of_dilemmas": 0.3404207229614258,
        "average_levenshtein_distance_of_dilemmas": 0.36142660282117833,
        "complexity_analysis": {
            "low": {
                "total_runs": 690,
                "sensitivity": 2.0289855072463765,
                "harmfulness": 3.1884057971014492,
                "prolog_uncertainty": 3.1884057971014492,
                "quartiles": [
                    4.0,
                    7.0,
                    11.0
                ]
            },
            "high": {
                "total_runs": 240,
                "sensitivity": 14.583333333333334,
                "harmfulness": 14.166666666666666,
                "prolog_uncertainty": 6.25,
                "quartiles": [
                    4.0,
                    7.0,
                    11.0
                ]
            },
            "mid-low": {
                "total_runs": 285,
                "sensitivity": 2.456140350877193,
                "harmfulness": 5.614035087719298,
                "prolog_uncertainty": 7.368421052631578,
                "quartiles": [
                    4.0,
                    7.0,
                    11.0
                ]
            },
            "mid-high": {
                "total_runs": 245,
                "sensitivity": 4.081632653061225,
                "harmfulness": 4.081632653061225,
                "prolog_uncertainty": 0.0,
                "quartiles": [
                    4.0,
                    7.0,
                    11.0
                ]
            }
        }
    },
    "anchoring bias": {
        "sensitivity": 1.3013698630136987,
        "harmfulness": 2.054794520547945,
        "total_runs": 1460,
        "prolog_uncertainty": 0.7534246575342466,
        "average_semantic_similarity_of_dilemmas": 0.3674003779888153,
        "average_levenshtein_distance_of_dilemmas": 0.35946130960813255,
        "complexity_analysis": {
            "high": {
                "total_runs": 305,
                "sensitivity": 4.2622950819672125,
                "harmfulness": 4.2622950819672125,
                "prolog_uncertainty": 0.0,
                "quartiles": [
                    4.0,
                    7.0,
                    11.0
                ]
            },
            "mid-low": {
                "total_runs": 475,
                "sensitivity": 0.8421052631578947,
                "harmfulness": 1.8947368421052633,
                "prolog_uncertainty": 1.0526315789473684,
                "quartiles": [
                    4.0,
                    7.0,
                    11.0
                ]
            },
            "mid-high": {
                "total_runs": 475,
                "sensitivity": 0.21052631578947367,
                "harmfulness": 1.4736842105263157,
                "prolog_uncertainty": 1.263157894736842,
                "quartiles": [
                    4.0,
                    7.0,
                    11.0
                ]
            },
            "low": {
                "total_runs": 205,
                "sensitivity": 0.4878048780487805,
                "harmfulness": 0.4878048780487805,
                "prolog_uncertainty": 0.0,
                "quartiles": [
                    4.0,
                    7.0,
                    11.0
                ]
            }
        }
    },
    "overconfidence bias": {
        "sensitivity": 2.73972602739726,
        "harmfulness": 2.191780821917808,
        "total_runs": 1460,
        "prolog_uncertainty": 0.9589041095890412,
        "average_semantic_similarity_of_dilemmas": 0.4083915054798126,
        "average_levenshtein_distance_of_dilemmas": 0.40143879830395734,
        "complexity_analysis": {
            "high": {
                "total_runs": 345,
                "sensitivity": 1.4492753623188406,
                "harmfulness": 0.0,
                "prolog_uncertainty": 1.4492753623188406,
                "quartiles": [
                    4.0,
                    7.0,
                    11.0
                ]
            },
            "mid-high": {
                "total_runs": 455,
                "sensitivity": 3.5164835164835164,
                "harmfulness": 3.296703296703297,
                "prolog_uncertainty": 1.5384615384615385,