{
    "confirmation bias": {
        "sensitivity": 7.6604554865424435,
        "harmfulness": 9.24775707384403,
        "total_runs": 1449,
        "prolog_uncertainty": 3.657694962042788,
        "average_semantic_similarity_of_dilemmas": 0.33870378136634827,
        "average_levenshtein_distance_of_dilemmas": 0.3789385310167363,
        "complexity_analysis": {
            "low": {
                "total_runs": 490,
                "sensitivity": 5.714285714285714,
                "harmfulness": 5.3061224489795915,
                "prolog_uncertainty": 0.8163265306122449,
                "quartiles": [
                    4.0,
                    7.0,
                    11.0
                ]
            },
            "mid-low": {
                "total_runs": 625,
                "sensitivity": 5.28,
                "harmfulness": 5.6000000000000005,
                "prolog_uncertainty": 2.56,
                "quartiles": [
                    4.0,
                    7.0,
                    11.0
                ]
            },
            "mid-high": {
                "total_runs": 115,
                "sensitivity": 0.0,
                "harmfulness": 0.0,
                "prolog_uncertainty": 0.0,
                "quartiles": [
                    4.0,
                    7.0,
                    11.0
                ]
            },
            "high": {
                "total_runs": 219,
                "sensitivity": 22.831050228310502,
                "harmfulness": 33.33333333333333,
                "prolog_uncertainty": 15.068493150684931,
                "quartiles": [
                    4.0,
                    7.0,
                    11.0
                ]
            }
        }
    },
    "hyperbolic discounting": {
        "sensitivity": 8.516483516483516,
        "harmfulness": 9.89010989010989,
        "total_runs": 1456,
        "prolog_uncertainty": 3.021978021978022,
        "average_semantic_similarity_of_dilemmas": 0.36036908626556396,
        "average_levenshtein_distance_of_dilemmas": 0.40378202302256067,
        "complexity_analysis": {
            "low": {
                "total_runs": 1272,
                "sensitivity": 8.09748427672956,
                "harmfulness": 9.748427672955975,
                "prolog_uncertainty": 2.751572327044025,
                "quartiles": [
                    4.0,
                    7.0,
                    11.0
                ]
            },
            "mid-low": {
                "total_runs": 124,
                "sensitivity": 16.129032258064516,
                "harmfulness": 12.096774193548388,
                "prolog_uncertainty": 4.032258064516129,
                "quartiles": [
                    4.0,
                    7.0,
                    11.0
                ]
            },
            "mid-high": {
                "total_runs": 40,
                "sensitivity": 2.5,
                "harmfulness": 12.5,
                "prolog_uncertainty": 10.0,
                "quartiles": [
                    4.0,
                    7.0,
                    11.0
                ]
            },
            "high": {
                "total_runs": 20,
                "sensitivity": 0.0,
                "harmfulness": 0.0,
                "prolog_uncertainty": 0.0,
                "quartiles": [
                    4.0,
                    7.0,
                    11.0
                ]
            }
        }
    },
    "availability bias": {
        "sensitivity": 8.173076923076923,
        "harmfulness": 9.271978021978022,
        "total_runs": 1456,
        "prolog_uncertainty": 3.8461538461538463,
        "average_semantic_similarity_of_dilemmas": 0.3404207229614258,
        "average_levenshtein_distance_of_dilemmas": 0.36142660282117833,
        "complexity_analysis": {
            "low": {
                "total_runs": 689,
                "sensitivity": 4.2089985486211905,
                "harmfulness": 5.660377358490567,
                "prolog_uncertainty": 2.9027576197387517,
                "quartiles": [
                    4.0,
                    7.0,
                    11.0
                ]
            },
            "high": {
                "total_runs": 239,
                "sensitivity": 19.246861924686193,
                "harmfulness": 21.338912133891213,
                "prolog_uncertainty": 3.765690376569038,
                "quartiles": [
                    4.0,
                    7.0,
                    11.0
                ]
            },
            "mid-low": {
                "total_runs": 284,
                "sensitivity": 7.746478873239436,
                "harmfulness": 7.746478873239436,
                "prolog_uncertainty": 9.15492957746479,
                "quartiles": [
                    4.0,
                    7.0,
                    11.0
                ]
            },
            "mid-high": {
                "total_runs": 244,
                "sensitivity": 9.01639344262295,
                "harmfulness": 9.426229508196721,
                "prolog_uncertainty": 0.4098360655737705,
                "quartiles": [
                    4.0,
                    7.0,
                    11.0
                ]
            }
        }
    },
    "anchoring bias": {
        "sensitivity": 5.230557467309016,
        "harmfulness": 6.331727460426703,
        "total_runs": 1453,
        "prolog_uncertainty": 3.4411562284927735,
        "average_semantic_similarity_of_dilemmas": 0.3674003779888153,
        "average_levenshtein_distance_of_dilemmas": 0.35946130960813255,
        "complexity_analysis": {
            "high": {
                "total_runs": 305,
                "sensitivity": 3.278688524590164,
                "harmfulness": 7.868852459016394,
                "prolog_uncertainty": 6.557377049180328,
                "quartiles": [
                    4.0,
                    7.0,
                    11.0
                ]
            },
            "mid-low": {
                "total_runs": 474,
                "sensitivity": 5.274261603375527,
                "harmfulness": 6.5400843881856545,
                "prolog_uncertainty": 1.2658227848101267,
                "quartiles": [
                    4.0,
                    7.0,
                    11.0
                ]
            },
            "mid-high": {
                "total_runs": 469,
                "sensitivity": 5.756929637526652,
                "harmfulness": 5.756929637526652,
                "prolog_uncertainty": 4.264392324093817,
                "quartiles": [
                    4.0,
                    7.0,
                    11.0
                ]
            },
            "low": {
                "total_runs": 205,
                "sensitivity": 6.829268292682928,
                "harmfulness": 4.878048780487805,
                "prolog_uncertainty": 1.951219512195122,
                "quartiles": [
                    4.0,
                    7.0,
                    11.0
                ]
            }
        }
    },
    "overconfidence bias": {
        "sensitivity": 5.483207676490747,
        "harmfulness": 4.386566141192598,
        "total_runs": 1459,
        "prolog_uncertainty": 1.782042494859493,
        "average_semantic_similarity_of_dilemmas": 0.4083915054798126,
        "average_levenshtein_distance_of_dilemmas": 0.40143879830395734,
        "complexity_analysis": {
            "high": {
                "total_runs": 344,
                "sensitivity": 2.9069767441860463,
                "harmfulness": 2.3255813953488373,
                "prolog_uncertainty": 0.5813953488372093,
                "quartiles": [
                    4.0,
                    7.0,
                    11.0
                ]
            },
            "mid-high": {
                "total_runs": 455,
                "sensitivity": 6.153846153846154,
                "harmfulness": 5.714285714285714,