{
    "confirmation bias": {
        "sensitivity": 10.342465753424658,
        "harmfulness": 13.287671232876713,
        "total_runs": 1460,
        "prolog_uncertainty": 3.767123287671233,
        "average_semantic_similarity_of_dilemmas": 0.33870378136634827,
        "average_levenshtein_distance_of_dilemmas": 0.3789385310167363,
        "complexity_analysis": {
            "low": {
                "total_runs": 495,
                "sensitivity": 4.444444444444445,
                "harmfulness": 5.858585858585859,
                "prolog_uncertainty": 1.4141414141414141,
                "quartiles": [
                    4.0,
                    7.0,
                    11.0
                ]
            },
            "mid-low": {
                "total_runs": 625,
                "sensitivity": 7.5200000000000005,
                "harmfulness": 9.28,
                "prolog_uncertainty": 2.7199999999999998,
                "quartiles": [
                    4.0,
                    7.0,
                    11.0
                ]
            },
            "mid-high": {
                "total_runs": 115,
                "sensitivity": 6.086956521739131,
                "harmfulness": 6.086956521739131,
                "prolog_uncertainty": 0.0,
                "quartiles": [
                    4.0,
                    7.0,
                    11.0
                ]
            },
            "high": {
                "total_runs": 225,
                "sensitivity": 33.33333333333333,
                "harmfulness": 44.44444444444444,
                "prolog_uncertainty": 13.777777777777779,
                "quartiles": [
                    4.0,
                    7.0,
                    11.0
                ]
            }
        }
    },
    "hyperbolic discounting": {
        "sensitivity": 8.835616438356164,
        "harmfulness": 10.068493150684931,
        "total_runs": 1460,
        "prolog_uncertainty": 2.054794520547945,
        "average_semantic_similarity_of_dilemmas": 0.36036908626556396,
        "average_levenshtein_distance_of_dilemmas": 0.40378202302256067,
        "complexity_analysis": {
            "low": {
                "total_runs": 1275,
                "sensitivity": 8.627450980392156,
                "harmfulness": 10.27450980392157,
                "prolog_uncertainty": 2.1176470588235294,
                "quartiles": [
                    4.0,
                    7.0,
                    11.0
                ]
            },
            "mid-low": {
                "total_runs": 125,
                "sensitivity": 12.0,
                "harmfulness": 10.4,
                "prolog_uncertainty": 1.6,
                "quartiles": [
                    4.0,
                    7.0,
                    11.0
                ]
            },
            "mid-high": {
                "total_runs": 40,
                "sensitivity": 10.0,
                "harmfulness": 7.5,
                "prolog_uncertainty": 2.5,
                "quartiles": [
                    4.0,
                    7.0,
                    11.0
                ]
            },
            "high": {
                "total_runs": 20,
                "sensitivity": 0.0,
                "harmfulness": 0.0,
                "prolog_uncertainty": 0.0,
                "quartiles": [
                    4.0,
                    7.0,
                    11.0
                ]
            }
        }
    },
    "availability bias": {
        "sensitivity": 5.825908156271418,
        "harmfulness": 8.156271418779987,
        "total_runs": 1459,
        "prolog_uncertainty": 4.112405757368061,
        "average_semantic_similarity_of_dilemmas": 0.3404207229614258,
        "average_levenshtein_distance_of_dilemmas": 0.36142660282117833,
        "complexity_analysis": {
            "low": {
                "total_runs": 689,
                "sensitivity": 3.9187227866473147,
                "harmfulness": 6.095791001451379,
                "prolog_uncertainty": 2.7576197387518144,
                "quartiles": [
                    4.0,
                    7.0,
                    11.0
                ]
            },
            "high": {
                "total_runs": 240,
                "sensitivity": 12.083333333333334,
                "harmfulness": 14.166666666666666,
                "prolog_uncertainty": 3.75,
                "quartiles": [
                    4.0,
                    7.0,
                    11.0
                ]
            },
            "mid-low": {
                "total_runs": 285,
                "sensitivity": 4.912280701754386,
                "harmfulness": 9.12280701754386,
                "prolog_uncertainty": 10.526315789473683,
                "quartiles": [
                    4.0,
                    7.0,
                    11.0
                ]
            },
            "mid-high": {
                "total_runs": 245,
                "sensitivity": 6.122448979591836,
                "harmfulness": 6.938775510204081,
                "prolog_uncertainty": 0.8163265306122449,
                "quartiles": [
                    4.0,
                    7.0,
                    11.0
                ]
            }
        }
    },
    "anchoring bias": {
        "sensitivity": 4.797806716929403,
        "harmfulness": 5.68882796435915,
        "total_runs": 1459,
        "prolog_uncertainty": 2.2618231665524333,
        "average_semantic_similarity_of_dilemmas": 0.3674003779888153,
        "average_levenshtein_distance_of_dilemmas": 0.35946130960813255,
        "complexity_analysis": {
            "high": {
                "total_runs": 305,
                "sensitivity": 5.245901639344262,
                "harmfulness": 4.918032786885246,
                "prolog_uncertainty": 4.2622950819672125,
                "quartiles": [
                    4.0,
                    7.0,
                    11.0
                ]
            },
            "mid-low": {
                "total_runs": 474,
                "sensitivity": 5.485232067510549,
                "harmfulness": 7.172995780590717,
                "prolog_uncertainty": 2.109704641350211,
                "quartiles": [
                    4.0,
                    7.0,
                    11.0
                ]
            },
            "mid-high": {
                "total_runs": 475,
                "sensitivity": 4.421052631578947,
                "harmfulness": 5.894736842105263,
                "prolog_uncertainty": 1.8947368421052633,
                "quartiles": [
                    4.0,
                    7.0,
                    11.0
                ]
            },
            "low": {
                "total_runs": 205,
                "sensitivity": 3.414634146341464,
                "harmfulness": 2.9268292682926833,
                "prolog_uncertainty": 0.4878048780487805,
                "quartiles": [
                    4.0,
                    7.0,
                    11.0
                ]
            }
        }
    },
    "overconfidence bias": {
        "sensitivity": 5.136986301369863,
        "harmfulness": 5.342465753424658,
        "total_runs": 1460,
        "prolog_uncertainty": 1.8493150684931507,
        "average_semantic_similarity_of_dilemmas": 0.4083915054798126,
        "average_levenshtein_distance_of_dilemmas": 0.40143879830395734,
        "complexity_analysis": {
            "high": {
                "total_runs": 345,
                "sensitivity": 4.057971014492753,
                "harmfulness": 3.1884057971014492,
                "prolog_uncertainty": 1.4492753623188406,
                "quartiles": [
                    4.0,
                    7.0,
                    11.0
                ]
            },
            "mid-high": {
                "total_runs": 455,
                "sensitivity": 3.5164835164835164,
                "harmfulness": 3.7362637362637363,
                "prolog_uncertainty": 1.5384615384615385,