{
    "confirmation bias": {
        "sensitivity": 17.227179135209333,
        "harmfulness": 18.462594371997255,
        "total_runs": 1457,
        "prolog_uncertainty": 2.3335621139327385,
        "average_semantic_similarity_of_dilemmas": 0.33870378136634827,
        "average_levenshtein_distance_of_dilemmas": 0.3789385310167363,
        "complexity_analysis": {
            "low": {
                "total_runs": 495,
                "sensitivity": 7.07070707070707,
                "harmfulness": 6.8686868686868685,
                "prolog_uncertainty": 0.20202020202020202,
                "quartiles": [
                    4.0,
                    7.0,
                    11.0
                ]
            },
            "mid-low": {
                "total_runs": 623,
                "sensitivity": 13.001605136436597,
                "harmfulness": 13.643659711075443,
                "prolog_uncertainty": 1.6051364365971106,
                "quartiles": [
                    4.0,
                    7.0,
                    11.0
                ]
            },
            "mid-high": {
                "total_runs": 114,
                "sensitivity": 21.052631578947366,
                "harmfulness": 21.052631578947366,
                "prolog_uncertainty": 1.7543859649122806,
                "quartiles": [
                    4.0,
                    7.0,
                    11.0
                ]
            },
            "high": {
                "total_runs": 225,
                "sensitivity": 49.333333333333336,
                "harmfulness": 56.00000000000001,
                "prolog_uncertainty": 9.333333333333334,
                "quartiles": [
                    4.0,
                    7.0,
                    11.0
                ]
            }
        }
    },
    "hyperbolic discounting": {
        "sensitivity": 27.465753424657535,
        "harmfulness": 28.63013698630137,
        "total_runs": 1460,
        "prolog_uncertainty": 2.945205479452055,
        "average_semantic_similarity_of_dilemmas": 0.36036908626556396,
        "average_levenshtein_distance_of_dilemmas": 0.40378202302256067,
        "complexity_analysis": {
            "low": {
                "total_runs": 1275,
                "sensitivity": 27.92156862745098,
                "harmfulness": 29.411764705882355,
                "prolog_uncertainty": 3.215686274509804,
                "quartiles": [
                    4.0,
                    7.0,
                    11.0
                ]
            },
            "mid-low": {
                "total_runs": 125,
                "sensitivity": 31.2,
                "harmfulness": 30.4,
                "prolog_uncertainty": 0.8,
                "quartiles": [
                    4.0,
                    7.0,
                    11.0
                ]
            },
            "mid-high": {
                "total_runs": 40,
                "sensitivity": 10.0,
                "harmfulness": 7.5,
                "prolog_uncertainty": 2.5,
                "quartiles": [
                    4.0,
                    7.0,
                    11.0
                ]
            },
            "high": {
                "total_runs": 20,
                "sensitivity": 10.0,
                "harmfulness": 10.0,
                "prolog_uncertainty": 0.0,
                "quartiles": [
                    4.0,
                    7.0,
                    11.0
                ]
            }
        }
    },
    "availability bias": {
        "sensitivity": 10.41095890410959,
        "harmfulness": 12.534246575342467,
        "total_runs": 1460,
        "prolog_uncertainty": 3.767123287671233,
        "average_semantic_similarity_of_dilemmas": 0.3404207229614258,
        "average_levenshtein_distance_of_dilemmas": 0.36142660282117833,
        "complexity_analysis": {
            "low": {
                "total_runs": 690,
                "sensitivity": 7.536231884057972,
                "harmfulness": 10.434782608695652,
                "prolog_uncertainty": 4.057971014492753,
                "quartiles": [
                    4.0,
                    7.0,
                    11.0
                ]
            },
            "high": {
                "total_runs": 240,
                "sensitivity": 20.416666666666668,
                "harmfulness": 20.833333333333336,
                "prolog_uncertainty": 2.083333333333333,
                "quartiles": [
                    4.0,
                    7.0,
                    11.0
                ]
            },
            "mid-low": {
                "total_runs": 285,
                "sensitivity": 6.666666666666667,
                "harmfulness": 10.175438596491228,
                "prolog_uncertainty": 7.719298245614035,
                "quartiles": [
                    4.0,
                    7.0,
                    11.0
                ]
            },
            "mid-high": {
                "total_runs": 245,
                "sensitivity": 13.061224489795919,
                "harmfulness": 13.061224489795919,
                "prolog_uncertainty": 0.0,
                "quartiles": [
                    4.0,
                    7.0,
                    11.0
                ]
            }
        }
    },
    "anchoring bias": {
        "sensitivity": 8.287671232876713,
        "harmfulness": 10.0,
        "total_runs": 1460,
        "prolog_uncertainty": 2.5342465753424657,
        "average_semantic_similarity_of_dilemmas": 0.3674003779888153,
        "average_levenshtein_distance_of_dilemmas": 0.35946130960813255,
        "complexity_analysis": {
            "high": {
                "total_runs": 305,
                "sensitivity": 10.163934426229508,
                "harmfulness": 13.114754098360656,
                "prolog_uncertainty": 2.9508196721311477,
                "quartiles": [
                    4.0,
                    7.0,
                    11.0
                ]
            },
            "mid-low": {
                "total_runs": 475,
                "sensitivity": 6.947368421052631,
                "harmfulness": 8.842105263157894,
                "prolog_uncertainty": 1.8947368421052633,
                "quartiles": [
                    4.0,
                    7.0,
                    11.0
                ]
            },
            "mid-high": {
                "total_runs": 475,
                "sensitivity": 7.7894736842105265,
                "harmfulness": 9.68421052631579,
                "prolog_uncertainty": 2.3157894736842106,
                "quartiles": [
                    4.0,
                    7.0,
                    11.0
                ]
            },
            "low": {
                "total_runs": 205,
                "sensitivity": 9.75609756097561,
                "harmfulness": 8.780487804878048,
                "prolog_uncertainty": 3.902439024390244,
                "quartiles": [
                    4.0,
                    7.0,
                    11.0
                ]
            }
        }
    },
    "overconfidence bias": {
        "sensitivity": 11.712328767123289,
        "harmfulness": 12.123287671232877,
        "total_runs": 1460,
        "prolog_uncertainty": 1.2328767123287672,
        "average_semantic_similarity_of_dilemmas": 0.4083915054798126,
        "average_levenshtein_distance_of_dilemmas": 0.40143879830395734,
        "complexity_analysis": {
            "high": {
                "total_runs": 345,
                "sensitivity": 9.27536231884058,
                "harmfulness": 9.855072463768117,
                "prolog_uncertainty": 1.1594202898550725,
                "quartiles": [
                    4.0,
                    7.0,
                    11.0
                ]
            },
            "mid-high": {
                "total_runs": 455,
                "sensitivity": 14.065934065934066,
                "harmfulness": 14.065934065934066,