{
    "confirmation bias": {
        "sensitivity": 7.602739726027398,
        "harmfulness": 10.547945205479452,
        "total_runs": 1460,
        "prolog_uncertainty": 4.589041095890411,
        "average_semantic_similarity_of_dilemmas": 0.33870378136634827,
        "average_levenshtein_distance_of_dilemmas": 0.3789385310167363,
        "complexity_analysis": {
            "low": {
                "total_runs": 495,
                "sensitivity": 4.040404040404041,
                "harmfulness": 4.040404040404041,
                "prolog_uncertainty": 0.0,
                "quartiles": [
                    4.0,
                    7.0,
                    11.0
                ]
            },
            "mid-low": {
                "total_runs": 625,
                "sensitivity": 7.04,
                "harmfulness": 8.32,
                "prolog_uncertainty": 1.92,
                "quartiles": [
                    4.0,
                    7.0,
                    11.0
                ]
            },
            "mid-high": {
                "total_runs": 115,
                "sensitivity": 5.217391304347826,
                "harmfulness": 12.173913043478262,
                "prolog_uncertainty": 6.956521739130435,
                "quartiles": [
                    4.0,
                    7.0,
                    11.0
                ]
            },
            "high": {
                "total_runs": 225,
                "sensitivity": 18.22222222222222,
                "harmfulness": 30.22222222222222,
                "prolog_uncertainty": 20.88888888888889,
                "quartiles": [
                    4.0,
                    7.0,
                    11.0
                ]
            }
        }
    },
    "hyperbolic discounting": {
        "sensitivity": 18.15068493150685,
        "harmfulness": 18.698630136986303,
        "total_runs": 1460,
        "prolog_uncertainty": 3.356164383561644,
        "average_semantic_similarity_of_dilemmas": 0.36036908626556396,
        "average_levenshtein_distance_of_dilemmas": 0.40378202302256067,
        "complexity_analysis": {
            "low": {
                "total_runs": 1275,
                "sensitivity": 17.254901960784313,
                "harmfulness": 18.274509803921568,
                "prolog_uncertainty": 2.9019607843137254,
                "quartiles": [
                    4.0,
                    7.0,
                    11.0
                ]
            },
            "mid-low": {
                "total_runs": 125,
                "sensitivity": 28.000000000000004,
                "harmfulness": 28.000000000000004,
                "prolog_uncertainty": 4.8,
                "quartiles": [
                    4.0,
                    7.0,
                    11.0
                ]
            },
            "mid-high": {
                "total_runs": 40,
                "sensitivity": 25.0,
                "harmfulness": 12.5,
                "prolog_uncertainty": 12.5,
                "quartiles": [
                    4.0,
                    7.0,
                    11.0
                ]
            },
            "high": {
                "total_runs": 20,
                "sensitivity": 0.0,
                "harmfulness": 0.0,
                "prolog_uncertainty": 0.0,
                "quartiles": [
                    4.0,
                    7.0,
                    11.0
                ]
            }
        }
    },
    "availability bias": {
        "sensitivity": 6.917808219178082,
        "harmfulness": 8.493150684931507,
        "total_runs": 1460,
        "prolog_uncertainty": 4.315068493150685,
        "average_semantic_similarity_of_dilemmas": 0.3404207229614258,
        "average_levenshtein_distance_of_dilemmas": 0.36142660282117833,
        "complexity_analysis": {
            "low": {
                "total_runs": 690,
                "sensitivity": 5.217391304347826,
                "harmfulness": 5.797101449275362,
                "prolog_uncertainty": 4.9275362318840585,
                "quartiles": [
                    4.0,
                    7.0,
                    11.0
                ]
            },
            "high": {
                "total_runs": 240,
                "sensitivity": 10.0,
                "harmfulness": 13.333333333333334,
                "prolog_uncertainty": 7.5,
                "quartiles": [
                    4.0,
                    7.0,
                    11.0
                ]
            },
            "mid-low": {
                "total_runs": 285,
                "sensitivity": 5.263157894736842,
                "harmfulness": 9.12280701754386,
                "prolog_uncertainty": 3.8596491228070176,
                "quartiles": [
                    4.0,
                    7.0,
                    11.0
                ]
            },
            "mid-high": {
                "total_runs": 245,
                "sensitivity": 10.612244897959183,
                "harmfulness": 10.612244897959183,
                "prolog_uncertainty": 0.0,
                "quartiles": [
                    4.0,
                    7.0,
                    11.0
                ]
            }
        }
    },
    "anchoring bias": {
        "sensitivity": 5.9589041095890405,
        "harmfulness": 6.36986301369863,
        "total_runs": 1460,
        "prolog_uncertainty": 1.0273972602739725,
        "average_semantic_similarity_of_dilemmas": 0.3674003779888153,
        "average_levenshtein_distance_of_dilemmas": 0.35946130960813255,
        "complexity_analysis": {
            "high": {
                "total_runs": 305,
                "sensitivity": 6.885245901639345,
                "harmfulness": 6.229508196721312,
                "prolog_uncertainty": 0.6557377049180327,
                "quartiles": [
                    4.0,
                    7.0,
                    11.0
                ]
            },
            "mid-low": {
                "total_runs": 475,
                "sensitivity": 5.473684210526316,
                "harmfulness": 6.947368421052631,
                "prolog_uncertainty": 1.4736842105263157,
                "quartiles": [
                    4.0,
                    7.0,
                    11.0
                ]
            },
            "mid-high": {
                "total_runs": 475,
                "sensitivity": 7.157894736842104,
                "harmfulness": 7.368421052631578,
                "prolog_uncertainty": 1.0526315789473684,
                "quartiles": [
                    4.0,
                    7.0,
                    11.0
                ]
            },
            "low": {
                "total_runs": 205,
                "sensitivity": 2.9268292682926833,
                "harmfulness": 2.9268292682926833,
                "prolog_uncertainty": 0.0,
                "quartiles": [
                    4.0,
                    7.0,
                    11.0
                ]
            }
        }
    },
    "overconfidence bias": {
        "sensitivity": 10.342465753424658,
        "harmfulness": 11.643835616438356,
        "total_runs": 1460,
        "prolog_uncertainty": 3.0821917808219177,
        "average_semantic_similarity_of_dilemmas": 0.4083915054798126,
        "average_levenshtein_distance_of_dilemmas": 0.40143879830395734,
        "complexity_analysis": {
            "high": {
                "total_runs": 345,
                "sensitivity": 11.014492753623188,
                "harmfulness": 10.144927536231885,
                "prolog_uncertainty": 1.4492753623188406,
                "quartiles": [
                    4.0,
                    7.0,
                    11.0
                ]
            },
            "mid-high": {
                "total_runs": 455,
                "sensitivity": 9.230769230769232,
                "harmfulness": 11.428571428571429,
                "prolog_uncertainty": 5.714285714285714,