{
    "confirmation bias": {
        "sensitivity": 3.4246575342465753,
        "harmfulness": 6.712328767123288,
        "total_runs": 1460,
        "prolog_uncertainty": 5.342465753424658,
        "average_semantic_similarity_of_dilemmas": 0.33870378136634827,
        "average_levenshtein_distance_of_dilemmas": 0.3789385310167363,
        "complexity_analysis": {
            "low": {
                "total_runs": 495,
                "sensitivity": 4.040404040404041,
                "harmfulness": 3.4343434343434343,
                "prolog_uncertainty": 1.0101010101010102,
                "quartiles": [
                    4.0,
                    7.0,
                    11.0
                ]
            },
            "mid-low": {
                "total_runs": 625,
                "sensitivity": 1.76,
                "harmfulness": 0.96,
                "prolog_uncertainty": 2.4,
                "quartiles": [
                    4.0,
                    7.0,
                    11.0
                ]
            },
            "mid-high": {
                "total_runs": 115,
                "sensitivity": 1.7391304347826086,
                "harmfulness": 5.217391304347826,
                "prolog_uncertainty": 5.217391304347826,
                "quartiles": [
                    4.0,
                    7.0,
                    11.0
                ]
            },
            "high": {
                "total_runs": 225,
                "sensitivity": 7.555555555555555,
                "harmfulness": 30.666666666666664,
                "prolog_uncertainty": 23.11111111111111,
                "quartiles": [
                    4.0,
                    7.0,
                    11.0
                ]
            }
        }
    },
    "hyperbolic discounting": {
        "sensitivity": 9.383561643835616,
        "harmfulness": 9.10958904109589,
        "total_runs": 1460,
        "prolog_uncertainty": 2.191780821917808,
        "average_semantic_similarity_of_dilemmas": 0.36036908626556396,
        "average_levenshtein_distance_of_dilemmas": 0.40378202302256067,
        "complexity_analysis": {
            "low": {
                "total_runs": 1275,
                "sensitivity": 8.0,
                "harmfulness": 8.470588235294118,
                "prolog_uncertainty": 1.7254901960784312,
                "quartiles": [
                    4.0,
                    7.0,
                    11.0
                ]
            },
            "mid-low": {
                "total_runs": 125,
                "sensitivity": 24.0,
                "harmfulness": 20.0,
                "prolog_uncertainty": 4.0,
                "quartiles": [
                    4.0,
                    7.0,
                    11.0
                ]
            },
            "mid-high": {
                "total_runs": 40,
                "sensitivity": 12.5,
                "harmfulness": 0.0,
                "prolog_uncertainty": 12.5,
                "quartiles": [
                    4.0,
                    7.0,
                    11.0
                ]
            },
            "high": {
                "total_runs": 20,
                "sensitivity": 0.0,
                "harmfulness": 0.0,
                "prolog_uncertainty": 0.0,
                "quartiles": [
                    4.0,
                    7.0,
                    11.0
                ]
            }
        }
    },
    "availability bias": {
        "sensitivity": 6.36986301369863,
        "harmfulness": 6.986301369863014,
        "total_runs": 1460,
        "prolog_uncertainty": 4.041095890410959,
        "average_semantic_similarity_of_dilemmas": 0.3404207229614258,
        "average_levenshtein_distance_of_dilemmas": 0.36142660282117833,
        "complexity_analysis": {
            "low": {
                "total_runs": 690,
                "sensitivity": 3.4782608695652173,
                "harmfulness": 4.202898550724638,
                "prolog_uncertainty": 3.6231884057971016,
                "quartiles": [
                    4.0,
                    7.0,
                    11.0
                ]
            },
            "high": {
                "total_runs": 240,
                "sensitivity": 18.75,
                "harmfulness": 18.333333333333332,
                "prolog_uncertainty": 7.916666666666666,
                "quartiles": [
                    4.0,
                    7.0,
                    11.0
                ]
            },
            "mid-low": {
                "total_runs": 285,
                "sensitivity": 5.263157894736842,
                "harmfulness": 7.017543859649122,
                "prolog_uncertainty": 5.263157894736842,
                "quartiles": [
                    4.0,
                    7.0,
                    11.0
                ]
            },
            "mid-high": {
                "total_runs": 245,
                "sensitivity": 3.6734693877551026,
                "harmfulness": 3.6734693877551026,
                "prolog_uncertainty": 0.0,
                "quartiles": [
                    4.0,
                    7.0,
                    11.0
                ]
            }
        }
    },
    "anchoring bias": {
        "sensitivity": 3.493150684931507,
        "harmfulness": 3.9726027397260277,
        "total_runs": 1460,
        "prolog_uncertainty": 0.8904109589041096,
        "average_semantic_similarity_of_dilemmas": 0.3674003779888153,
        "average_levenshtein_distance_of_dilemmas": 0.35946130960813255,
        "complexity_analysis": {
            "high": {
                "total_runs": 305,
                "sensitivity": 3.934426229508197,
                "harmfulness": 3.934426229508197,
                "prolog_uncertainty": 0.0,
                "quartiles": [
                    4.0,
                    7.0,
                    11.0
                ]
            },
            "mid-low": {
                "total_runs": 475,
                "sensitivity": 1.8947368421052633,
                "harmfulness": 2.9473684210526314,
                "prolog_uncertainty": 1.0526315789473684,
                "quartiles": [
                    4.0,
                    7.0,
                    11.0
                ]
            },
            "mid-high": {
                "total_runs": 475,
                "sensitivity": 5.684210526315789,
                "harmfulness": 6.105263157894736,
                "prolog_uncertainty": 1.6842105263157894,
                "quartiles": [
                    4.0,
                    7.0,
                    11.0
                ]
            },
            "low": {
                "total_runs": 205,
                "sensitivity": 1.4634146341463417,
                "harmfulness": 1.4634146341463417,
                "prolog_uncertainty": 0.0,
                "quartiles": [
                    4.0,
                    7.0,
                    11.0
                ]
            }
        }
    },
    "overconfidence bias": {
        "sensitivity": 6.164383561643835,
        "harmfulness": 6.36986301369863,
        "total_runs": 1460,
        "prolog_uncertainty": 2.808219178082192,
        "average_semantic_similarity_of_dilemmas": 0.4083915054798126,
        "average_levenshtein_distance_of_dilemmas": 0.40143879830395734,
        "complexity_analysis": {
            "high": {
                "total_runs": 345,
                "sensitivity": 5.797101449275362,
                "harmfulness": 4.9275362318840585,
                "prolog_uncertainty": 0.8695652173913043,
                "quartiles": [
                    4.0,
                    7.0,
                    11.0
                ]
            },
            "mid-high": {
                "total_runs": 455,
                "sensitivity": 7.032967032967033,
                "harmfulness": 5.274725274725275,
                "prolog_uncertainty": 4.395604395604396,