{
    "confirmation bias": {
        "sensitivity": 14.178082191780822,
        "harmfulness": 16.643835616438356,
        "total_runs": 1460,
        "prolog_uncertainty": 3.4246575342465753,
        "average_semantic_similarity_of_dilemmas": 0.33870378136634827,
        "average_levenshtein_distance_of_dilemmas": 0.3789385310167363,
        "complexity_analysis": {
            "low": {
                "total_runs": 495,
                "sensitivity": 8.080808080808081,
                "harmfulness": 8.282828282828284,
                "prolog_uncertainty": 0.20202020202020202,
                "quartiles": [
                    4.0,
                    7.0,
                    11.0
                ]
            },
            "mid-low": {
                "total_runs": 625,
                "sensitivity": 10.56,
                "harmfulness": 11.200000000000001,
                "prolog_uncertainty": 0.96,
                "quartiles": [
                    4.0,
                    7.0,
                    11.0
                ]
            },
            "mid-high": {
                "total_runs": 115,
                "sensitivity": 7.82608695652174,
                "harmfulness": 16.52173913043478,
                "prolog_uncertainty": 8.695652173913043,
                "quartiles": [
                    4.0,
                    7.0,
                    11.0
                ]
            },
            "high": {
                "total_runs": 225,
                "sensitivity": 40.88888888888889,
                "harmfulness": 50.22222222222222,
                "prolog_uncertainty": 14.666666666666666,
                "quartiles": [
                    4.0,
                    7.0,
                    11.0
                ]
            }
        }
    },
    "hyperbolic discounting": {
        "sensitivity": 32.945205479452056,
        "harmfulness": 35.06849315068493,
        "total_runs": 1460,
        "prolog_uncertainty": 2.5342465753424657,
        "average_semantic_similarity_of_dilemmas": 0.36036908626556396,
        "average_levenshtein_distance_of_dilemmas": 0.40378202302256067,
        "complexity_analysis": {
            "low": {
                "total_runs": 1275,
                "sensitivity": 33.490196078431374,
                "harmfulness": 35.92156862745098,
                "prolog_uncertainty": 2.9019607843137254,
                "quartiles": [
                    4.0,
                    7.0,
                    11.0
                ]
            },
            "mid-low": {
                "total_runs": 125,
                "sensitivity": 35.199999999999996,
                "harmfulness": 35.199999999999996,
                "prolog_uncertainty": 0.0,
                "quartiles": [
                    4.0,
                    7.0,
                    11.0
                ]
            },
            "mid-high": {
                "total_runs": 40,
                "sensitivity": 12.5,
                "harmfulness": 12.5,
                "prolog_uncertainty": 0.0,
                "quartiles": [
                    4.0,
                    7.0,
                    11.0
                ]
            },
            "high": {
                "total_runs": 20,
                "sensitivity": 25.0,
                "harmfulness": 25.0,
                "prolog_uncertainty": 0.0,
                "quartiles": [
                    4.0,
                    7.0,
                    11.0
                ]
            }
        }
    },
    "availability bias": {
        "sensitivity": 12.32876712328767,
        "harmfulness": 13.287671232876713,
        "total_runs": 1460,
        "prolog_uncertainty": 4.657534246575342,
        "average_semantic_similarity_of_dilemmas": 0.3404207229614258,
        "average_levenshtein_distance_of_dilemmas": 0.36142660282117833,
        "complexity_analysis": {
            "low": {
                "total_runs": 690,
                "sensitivity": 8.695652173913043,
                "harmfulness": 9.710144927536232,
                "prolog_uncertainty": 4.492753623188406,
                "quartiles": [
                    4.0,
                    7.0,
                    11.0
                ]
            },
            "high": {
                "total_runs": 240,
                "sensitivity": 27.500000000000004,
                "harmfulness": 28.749999999999996,
                "prolog_uncertainty": 5.416666666666667,
                "quartiles": [
                    4.0,
                    7.0,
                    11.0
                ]
            },
            "mid-low": {
                "total_runs": 285,
                "sensitivity": 7.368421052631578,
                "harmfulness": 9.12280701754386,
                "prolog_uncertainty": 8.070175438596491,
                "quartiles": [
                    4.0,
                    7.0,
                    11.0
                ]
            },
            "mid-high": {
                "total_runs": 245,
                "sensitivity": 13.46938775510204,
                "harmfulness": 13.061224489795919,
                "prolog_uncertainty": 0.40816326530612246,
                "quartiles": [
                    4.0,
                    7.0,
                    11.0
                ]
            }
        }
    },
    "anchoring bias": {
        "sensitivity": 5.821917808219178,
        "harmfulness": 6.8493150684931505,
        "total_runs": 1460,
        "prolog_uncertainty": 1.7123287671232876,
        "average_semantic_similarity_of_dilemmas": 0.3674003779888153,
        "average_levenshtein_distance_of_dilemmas": 0.35946130960813255,
        "complexity_analysis": {
            "high": {
                "total_runs": 305,
                "sensitivity": 7.540983606557377,
                "harmfulness": 9.508196721311474,
                "prolog_uncertainty": 2.622950819672131,
                "quartiles": [
                    4.0,
                    7.0,
                    11.0
                ]
            },
            "mid-low": {
                "total_runs": 475,
                "sensitivity": 4.631578947368421,
                "harmfulness": 5.052631578947368,
                "prolog_uncertainty": 0.42105263157894735,
                "quartiles": [
                    4.0,
                    7.0,
                    11.0
                ]
            },
            "mid-high": {
                "total_runs": 475,
                "sensitivity": 8.0,
                "harmfulness": 9.05263157894737,
                "prolog_uncertainty": 2.736842105263158,
                "quartiles": [
                    4.0,
                    7.0,
                    11.0
                ]
            },
            "low": {
                "total_runs": 205,
                "sensitivity": 0.975609756097561,
                "harmfulness": 1.951219512195122,
                "prolog_uncertainty": 0.975609756097561,
                "quartiles": [
                    4.0,
                    7.0,
                    11.0
                ]
            }
        }
    },
    "overconfidence bias": {
        "sensitivity": 14.951989026063101,
        "harmfulness": 15.843621399176955,
        "total_runs": 1458,
        "prolog_uncertainty": 4.046639231824417,
        "average_semantic_similarity_of_dilemmas": 0.4083915054798126,
        "average_levenshtein_distance_of_dilemmas": 0.40143879830395734,
        "complexity_analysis": {
            "high": {
                "total_runs": 345,
                "sensitivity": 14.492753623188406,
                "harmfulness": 17.681159420289855,
                "prolog_uncertainty": 4.3478260869565215,
                "quartiles": [
                    4.0,
                    7.0,
                    11.0
                ]
            },
            "mid-high": {
                "total_runs": 455,
                "sensitivity": 19.560439560439562,
                "harmfulness": 19.340659340659343,