{
    "confirmation bias": {
        "sensitivity": 9.704060564349621,
        "harmfulness": 11.286992429456296,
        "total_runs": 1453,
        "prolog_uncertainty": 6.125258086717137,
        "average_semantic_similarity_of_dilemmas": 0.33870378136634827,
        "average_levenshtein_distance_of_dilemmas": 0.3789385310167363,
        "complexity_analysis": {
            "low": {
                "total_runs": 495,
                "sensitivity": 5.252525252525253,
                "harmfulness": 4.040404040404041,
                "prolog_uncertainty": 3.2323232323232323,
                "quartiles": [
                    4.0,
                    7.0,
                    11.0
                ]
            },
            "mid-low": {
                "total_runs": 620,
                "sensitivity": 6.129032258064516,
                "harmfulness": 5.161290322580645,
                "prolog_uncertainty": 2.5806451612903225,
                "quartiles": [
                    4.0,
                    7.0,
                    11.0
                ]
            },
            "mid-high": {
                "total_runs": 115,
                "sensitivity": 0.0,
                "harmfulness": 0.0,
                "prolog_uncertainty": 0.0,
                "quartiles": [
                    4.0,
                    7.0,
                    11.0
                ]
            },
            "high": {
                "total_runs": 223,
                "sensitivity": 34.52914798206278,
                "harmfulness": 50.224215246636774,
                "prolog_uncertainty": 25.56053811659193,
                "quartiles": [
                    4.0,
                    7.0,
                    11.0
                ]
            }
        }
    },
    "hyperbolic discounting": {
        "sensitivity": 8.972602739726028,
        "harmfulness": 7.397260273972603,
        "total_runs": 1460,
        "prolog_uncertainty": 1.5753424657534247,
        "average_semantic_similarity_of_dilemmas": 0.36036908626556396,
        "average_levenshtein_distance_of_dilemmas": 0.40378202302256067,
        "complexity_analysis": {
            "low": {
                "total_runs": 1275,
                "sensitivity": 9.411764705882353,
                "harmfulness": 8.0,
                "prolog_uncertainty": 1.411764705882353,
                "quartiles": [
                    4.0,
                    7.0,
                    11.0
                ]
            },
            "mid-low": {
                "total_runs": 125,
                "sensitivity": 4.8,
                "harmfulness": 4.8,
                "prolog_uncertainty": 0.0,
                "quartiles": [
                    4.0,
                    7.0,
                    11.0
                ]
            },
            "mid-high": {
                "total_runs": 40,
                "sensitivity": 12.5,
                "harmfulness": 0.0,
                "prolog_uncertainty": 12.5,
                "quartiles": [
                    4.0,
                    7.0,
                    11.0
                ]
            },
            "high": {
                "total_runs": 20,
                "sensitivity": 0.0,
                "harmfulness": 0.0,
                "prolog_uncertainty": 0.0,
                "quartiles": [
                    4.0,
                    7.0,
                    11.0
                ]
            }
        }
    },
    "availability bias": {
        "sensitivity": 7.739726027397261,
        "harmfulness": 7.9452054794520555,
        "total_runs": 1460,
        "prolog_uncertainty": 4.589041095890411,
        "average_semantic_similarity_of_dilemmas": 0.3404207229614258,
        "average_levenshtein_distance_of_dilemmas": 0.36142660282117833,
        "complexity_analysis": {
            "low": {
                "total_runs": 690,
                "sensitivity": 8.695652173913043,
                "harmfulness": 7.246376811594203,
                "prolog_uncertainty": 4.63768115942029,
                "quartiles": [
                    4.0,
                    7.0,
                    11.0
                ]
            },
            "high": {
                "total_runs": 240,
                "sensitivity": 5.833333333333333,
                "harmfulness": 7.083333333333333,
                "prolog_uncertainty": 3.75,
                "quartiles": [
                    4.0,
                    7.0,
                    11.0
                ]
            },
            "mid-low": {
                "total_runs": 285,
                "sensitivity": 6.315789473684211,
                "harmfulness": 8.421052631578947,
                "prolog_uncertainty": 7.017543859649122,
                "quartiles": [
                    4.0,
                    7.0,
                    11.0
                ]
            },
            "mid-high": {
                "total_runs": 245,
                "sensitivity": 8.571428571428571,
                "harmfulness": 10.204081632653061,
                "prolog_uncertainty": 2.4489795918367347,
                "quartiles": [
                    4.0,
                    7.0,
                    11.0
                ]
            }
        }
    },
    "anchoring bias": {
        "sensitivity": 5.068493150684931,
        "harmfulness": 4.794520547945205,
        "total_runs": 1460,
        "prolog_uncertainty": 3.9726027397260277,
        "average_semantic_similarity_of_dilemmas": 0.3674003779888153,
        "average_levenshtein_distance_of_dilemmas": 0.35946130960813255,
        "complexity_analysis": {
            "high": {
                "total_runs": 305,
                "sensitivity": 8.524590163934425,
                "harmfulness": 5.573770491803279,
                "prolog_uncertainty": 6.885245901639345,
                "quartiles": [
                    4.0,
                    7.0,
                    11.0
                ]
            },
            "mid-low": {
                "total_runs": 475,
                "sensitivity": 2.526315789473684,
                "harmfulness": 3.578947368421052,
                "prolog_uncertainty": 2.3157894736842106,
                "quartiles": [
                    4.0,
                    7.0,
                    11.0
                ]
            },
            "mid-high": {
                "total_runs": 475,
                "sensitivity": 4.842105263157895,
                "harmfulness": 5.263157894736842,
                "prolog_uncertainty": 2.9473684210526314,
                "quartiles": [
                    4.0,
                    7.0,
                    11.0
                ]
            },
            "low": {
                "total_runs": 205,
                "sensitivity": 6.341463414634147,
                "harmfulness": 5.365853658536586,
                "prolog_uncertainty": 5.853658536585367,
                "quartiles": [
                    4.0,
                    7.0,
                    11.0
                ]
            }
        }
    },
    "overconfidence bias": {
        "sensitivity": 4.589041095890411,
        "harmfulness": 4.863013698630137,
        "total_runs": 1460,
        "prolog_uncertainty": 1.7808219178082192,
        "average_semantic_similarity_of_dilemmas": 0.4083915054798126,
        "average_levenshtein_distance_of_dilemmas": 0.40143879830395734,
        "complexity_analysis": {
            "high": {
                "total_runs": 345,
                "sensitivity": 3.768115942028986,
                "harmfulness": 1.4492753623188406,
                "prolog_uncertainty": 2.318840579710145,
                "quartiles": [
                    4.0,
                    7.0,
                    11.0
                ]
            },
            "mid-high": {
                "total_runs": 455,
                "sensitivity": 3.9560439560439558,
                "harmfulness": 5.4945054945054945,
                "prolog_uncertainty": 2.857142857142857,