{
    "confirmation bias": {
        "sensitivity": 7.808219178082192,
        "harmfulness": 10.342465753424658,
        "total_runs": 1460,
        "prolog_uncertainty": 3.356164383561644,
        "average_semantic_similarity_of_dilemmas": 0.33870378136634827,
        "average_levenshtein_distance_of_dilemmas": 0.3789385310167363,
        "complexity_analysis": {
            "low": {
                "total_runs": 495,
                "sensitivity": 3.6363636363636362,
                "harmfulness": 3.6363636363636362,
                "prolog_uncertainty": 0.0,
                "quartiles": [
                    4.0,
                    7.0,
                    11.0
                ]
            },
            "mid-low": {
                "total_runs": 625,
                "sensitivity": 4.96,
                "harmfulness": 5.12,
                "prolog_uncertainty": 1.1199999999999999,
                "quartiles": [
                    4.0,
                    7.0,
                    11.0
                ]
            },
            "mid-high": {
                "total_runs": 115,
                "sensitivity": 1.7391304347826086,
                "harmfulness": 6.086956521739131,
                "prolog_uncertainty": 4.3478260869565215,
                "quartiles": [
                    4.0,
                    7.0,
                    11.0
                ]
            },
            "high": {
                "total_runs": 225,
                "sensitivity": 28.000000000000004,
                "harmfulness": 41.77777777777778,
                "prolog_uncertainty": 16.444444444444446,
                "quartiles": [
                    4.0,
                    7.0,
                    11.0
                ]
            }
        }
    },
    "hyperbolic discounting": {
        "sensitivity": 17.26027397260274,
        "harmfulness": 18.21917808219178,
        "total_runs": 1460,
        "prolog_uncertainty": 0.9589041095890412,
        "average_semantic_similarity_of_dilemmas": 0.36036908626556396,
        "average_levenshtein_distance_of_dilemmas": 0.40378202302256067,
        "complexity_analysis": {
            "low": {
                "total_runs": 1275,
                "sensitivity": 17.647058823529413,
                "harmfulness": 18.352941176470587,
                "prolog_uncertainty": 0.7058823529411765,
                "quartiles": [
                    4.0,
                    7.0,
                    11.0
                ]
            },
            "mid-low": {
                "total_runs": 125,
                "sensitivity": 21.6,
                "harmfulness": 21.6,
                "prolog_uncertainty": 0.0,
                "quartiles": [
                    4.0,
                    7.0,
                    11.0
                ]
            },
            "mid-high": {
                "total_runs": 40,
                "sensitivity": 0.0,
                "harmfulness": 12.5,
                "prolog_uncertainty": 12.5,
                "quartiles": [
                    4.0,
                    7.0,
                    11.0
                ]
            },
            "high": {
                "total_runs": 20,
                "sensitivity": 0.0,
                "harmfulness": 0.0,
                "prolog_uncertainty": 0.0,
                "quartiles": [
                    4.0,
                    7.0,
                    11.0
                ]
            }
        }
    },
    "availability bias": {
        "sensitivity": 5.9589041095890405,
        "harmfulness": 6.6438356164383565,
        "total_runs": 1460,
        "prolog_uncertainty": 4.52054794520548,
        "average_semantic_similarity_of_dilemmas": 0.3404207229614258,
        "average_levenshtein_distance_of_dilemmas": 0.36142660282117833,
        "complexity_analysis": {
            "low": {
                "total_runs": 690,
                "sensitivity": 4.63768115942029,
                "harmfulness": 4.782608695652174,
                "prolog_uncertainty": 3.3333333333333335,
                "quartiles": [
                    4.0,
                    7.0,
                    11.0
                ]
            },
            "high": {
                "total_runs": 240,
                "sensitivity": 13.333333333333334,
                "harmfulness": 14.583333333333334,
                "prolog_uncertainty": 7.083333333333333,
                "quartiles": [
                    4.0,
                    7.0,
                    11.0
                ]
            },
            "mid-low": {
                "total_runs": 285,
                "sensitivity": 3.8596491228070176,
                "harmfulness": 5.964912280701754,
                "prolog_uncertainty": 9.12280701754386,
                "quartiles": [
                    4.0,
                    7.0,
                    11.0
                ]
            },
            "mid-high": {
                "total_runs": 245,
                "sensitivity": 4.8979591836734695,
                "harmfulness": 4.8979591836734695,
                "prolog_uncertainty": 0.0,
                "quartiles": [
                    4.0,
                    7.0,
                    11.0
                ]
            }
        }
    },
    "anchoring bias": {
        "sensitivity": 3.0136986301369864,
        "harmfulness": 4.178082191780822,
        "total_runs": 1460,
        "prolog_uncertainty": 1.3013698630136987,
        "average_semantic_similarity_of_dilemmas": 0.3674003779888153,
        "average_levenshtein_distance_of_dilemmas": 0.35946130960813255,
        "complexity_analysis": {
            "high": {
                "total_runs": 305,
                "sensitivity": 4.918032786885246,
                "harmfulness": 6.557377049180328,
                "prolog_uncertainty": 1.639344262295082,
                "quartiles": [
                    4.0,
                    7.0,
                    11.0
                ]
            },
            "mid-low": {
                "total_runs": 475,
                "sensitivity": 3.3684210526315788,
                "harmfulness": 4.2105263157894735,
                "prolog_uncertainty": 0.8421052631578947,
                "quartiles": [
                    4.0,
                    7.0,
                    11.0
                ]
            },
            "mid-high": {
                "total_runs": 475,
                "sensitivity": 1.4736842105263157,
                "harmfulness": 3.3684210526315788,
                "prolog_uncertainty": 1.8947368421052633,
                "quartiles": [
                    4.0,
                    7.0,
                    11.0
                ]
            },
            "low": {
                "total_runs": 205,
                "sensitivity": 2.9268292682926833,
                "harmfulness": 2.4390243902439024,
                "prolog_uncertainty": 0.4878048780487805,
                "quartiles": [
                    4.0,
                    7.0,
                    11.0
                ]
            }
        }
    },
    "overconfidence bias": {
        "sensitivity": 3.356164383561644,
        "harmfulness": 3.6986301369863015,
        "total_runs": 1460,
        "prolog_uncertainty": 1.0273972602739725,
        "average_semantic_similarity_of_dilemmas": 0.4083915054798126,
        "average_levenshtein_distance_of_dilemmas": 0.40143879830395734,
        "complexity_analysis": {
            "high": {
                "total_runs": 345,
                "sensitivity": 1.4492753623188406,
                "harmfulness": 1.4492753623188406,
                "prolog_uncertainty": 0.0,
                "quartiles": [
                    4.0,
                    7.0,
                    11.0
                ]
            },
            "mid-high": {
                "total_runs": 455,
                "sensitivity": 2.417582417582418,
                "harmfulness": 3.5164835164835164,
                "prolog_uncertainty": 1.098901098901099,