{
    "confirmation bias": {
        "sensitivity": 9.670781893004115,
        "harmfulness": 11.934156378600823,
        "total_runs": 1458,
        "prolog_uncertainty": 4.458161865569274,
        "average_semantic_similarity_of_dilemmas": 0.33870378136634827,
        "average_levenshtein_distance_of_dilemmas": 0.3789385310167363,
        "complexity_analysis": {
            "low": {
                "total_runs": 495,
                "sensitivity": 4.646464646464646,
                "harmfulness": 4.444444444444445,
                "prolog_uncertainty": 0.20202020202020202,
                "quartiles": [
                    4.0,
                    7.0,
                    11.0
                ]
            },
            "mid-low": {
                "total_runs": 625,
                "sensitivity": 6.4,
                "harmfulness": 7.199999999999999,
                "prolog_uncertainty": 2.4,
                "quartiles": [
                    4.0,
                    7.0,
                    11.0
                ]
            },
            "mid-high": {
                "total_runs": 115,
                "sensitivity": 4.3478260869565215,
                "harmfulness": 4.3478260869565215,
                "prolog_uncertainty": 1.7391304347826086,
                "quartiles": [
                    4.0,
                    7.0,
                    11.0
                ]
            },
            "high": {
                "total_runs": 223,
                "sensitivity": 32.73542600896861,
                "harmfulness": 45.73991031390135,
                "prolog_uncertainty": 21.076233183856502,
                "quartiles": [
                    4.0,
                    7.0,
                    11.0
                ]
            }
        }
    },
    "hyperbolic discounting": {
        "sensitivity": 9.246575342465754,
        "harmfulness": 9.726027397260275,
        "total_runs": 1460,
        "prolog_uncertainty": 1.3013698630136987,
        "average_semantic_similarity_of_dilemmas": 0.36036908626556396,
        "average_levenshtein_distance_of_dilemmas": 0.40378202302256067,
        "complexity_analysis": {
            "low": {
                "total_runs": 1275,
                "sensitivity": 8.784313725490197,
                "harmfulness": 9.176470588235293,
                "prolog_uncertainty": 0.8627450980392156,
                "quartiles": [
                    4.0,
                    7.0,
                    11.0
                ]
            },
            "mid-low": {
                "total_runs": 125,
                "sensitivity": 18.4,
                "harmfulness": 16.0,
                "prolog_uncertainty": 2.4,
                "quartiles": [
                    4.0,
                    7.0,
                    11.0
                ]
            },
            "mid-high": {
                "total_runs": 40,
                "sensitivity": 0.0,
                "harmfulness": 12.5,
                "prolog_uncertainty": 12.5,
                "quartiles": [
                    4.0,
                    7.0,
                    11.0
                ]
            },
            "high": {
                "total_runs": 20,
                "sensitivity": 0.0,
                "harmfulness": 0.0,
                "prolog_uncertainty": 0.0,
                "quartiles": [
                    4.0,
                    7.0,
                    11.0
                ]
            }
        }
    },
    "availability bias": {
        "sensitivity": 6.442769019876628,
        "harmfulness": 8.773132282385196,
        "total_runs": 1459,
        "prolog_uncertainty": 4.249485949280329,
        "average_semantic_similarity_of_dilemmas": 0.3404207229614258,
        "average_levenshtein_distance_of_dilemmas": 0.36142660282117833,
        "complexity_analysis": {
            "low": {
                "total_runs": 689,
                "sensitivity": 4.063860667634253,
                "harmfulness": 6.2409288824383164,
                "prolog_uncertainty": 3.0478955007256894,
                "quartiles": [
                    4.0,
                    7.0,
                    11.0
                ]
            },
            "high": {
                "total_runs": 240,
                "sensitivity": 15.0,
                "harmfulness": 19.166666666666668,
                "prolog_uncertainty": 5.0,
                "quartiles": [
                    4.0,
                    7.0,
                    11.0
                ]
            },
            "mid-low": {
                "total_runs": 285,
                "sensitivity": 4.56140350877193,
                "harmfulness": 7.368421052631578,
                "prolog_uncertainty": 7.719298245614035,
                "quartiles": [
                    4.0,
                    7.0,
                    11.0
                ]
            },
            "mid-high": {
                "total_runs": 245,
                "sensitivity": 6.938775510204081,
                "harmfulness": 7.346938775510205,
                "prolog_uncertainty": 2.857142857142857,
                "quartiles": [
                    4.0,
                    7.0,
                    11.0
                ]
            }
        }
    },
    "anchoring bias": {
        "sensitivity": 6.917808219178082,
        "harmfulness": 7.397260273972603,
        "total_runs": 1460,
        "prolog_uncertainty": 2.1232876712328768,
        "average_semantic_similarity_of_dilemmas": 0.3674003779888153,
        "average_levenshtein_distance_of_dilemmas": 0.35946130960813255,
        "complexity_analysis": {
            "high": {
                "total_runs": 305,
                "sensitivity": 4.590163934426229,
                "harmfulness": 6.229508196721312,
                "prolog_uncertainty": 1.639344262295082,
                "quartiles": [
                    4.0,
                    7.0,
                    11.0
                ]
            },
            "mid-low": {
                "total_runs": 475,
                "sensitivity": 6.526315789473684,
                "harmfulness": 8.0,
                "prolog_uncertainty": 1.4736842105263157,
                "quartiles": [
                    4.0,
                    7.0,
                    11.0
                ]
            },
            "mid-high": {
                "total_runs": 475,
                "sensitivity": 8.421052631578947,
                "harmfulness": 8.0,
                "prolog_uncertainty": 2.1052631578947367,
                "quartiles": [
                    4.0,
                    7.0,
                    11.0
                ]
            },
            "low": {
                "total_runs": 205,
                "sensitivity": 7.804878048780488,
                "harmfulness": 6.341463414634147,
                "prolog_uncertainty": 4.390243902439024,
                "quartiles": [
                    4.0,
                    7.0,
                    11.0
                ]
            }
        }
    },
    "overconfidence bias": {
        "sensitivity": 4.726027397260274,
        "harmfulness": 5.342465753424658,
        "total_runs": 1460,
        "prolog_uncertainty": 1.3013698630136987,
        "average_semantic_similarity_of_dilemmas": 0.4083915054798126,
        "average_levenshtein_distance_of_dilemmas": 0.40143879830395734,
        "complexity_analysis": {
            "high": {
                "total_runs": 345,
                "sensitivity": 4.057971014492753,
                "harmfulness": 4.057971014492753,
                "prolog_uncertainty": 0.0,
                "quartiles": [
                    4.0,
                    7.0,
                    11.0
                ]
            },
            "mid-high": {
                "total_runs": 455,
                "sensitivity": 3.5164835164835164,
                "harmfulness": 4.395604395604396,
                "prolog_uncertainty": 1.3186813186813187,