{
    "confirmation bias": {
        "sensitivity": 8.63013698630137,
        "harmfulness": 12.26027397260274,
        "total_runs": 1460,
        "prolog_uncertainty": 4.178082191780822,
        "average_semantic_similarity_of_dilemmas": 0.33870378136634827,
        "average_levenshtein_distance_of_dilemmas": 0.3789385310167363,
        "complexity_analysis": {
            "low": {
                "total_runs": 495,
                "sensitivity": 3.8383838383838382,
                "harmfulness": 5.05050505050505,
                "prolog_uncertainty": 1.2121212121212122,
                "quartiles": [
                    4.0,
                    7.0,
                    11.0
                ]
            },
            "mid-low": {
                "total_runs": 625,
                "sensitivity": 4.32,
                "harmfulness": 5.4399999999999995,
                "prolog_uncertainty": 1.1199999999999999,
                "quartiles": [
                    4.0,
                    7.0,
                    11.0
                ]
            },
            "mid-high": {
                "total_runs": 115,
                "sensitivity": 4.3478260869565215,
                "harmfulness": 8.695652173913043,
                "prolog_uncertainty": 4.3478260869565215,
                "quartiles": [
                    4.0,
                    7.0,
                    11.0
                ]
            },
            "high": {
                "total_runs": 225,
                "sensitivity": 33.33333333333333,
                "harmfulness": 48.888888888888886,
                "prolog_uncertainty": 19.11111111111111,
                "quartiles": [
                    4.0,
                    7.0,
                    11.0
                ]
            }
        }
    },
    "hyperbolic discounting": {
        "sensitivity": 13.219178082191782,
        "harmfulness": 16.301369863013697,
        "total_runs": 1460,
        "prolog_uncertainty": 3.904109589041096,
        "average_semantic_similarity_of_dilemmas": 0.36036908626556396,
        "average_levenshtein_distance_of_dilemmas": 0.40378202302256067,
        "complexity_analysis": {
            "low": {
                "total_runs": 1275,
                "sensitivity": 13.333333333333334,
                "harmfulness": 16.862745098039216,
                "prolog_uncertainty": 4.313725490196078,
                "quartiles": [
                    4.0,
                    7.0,
                    11.0
                ]
            },
            "mid-low": {
                "total_runs": 125,
                "sensitivity": 14.399999999999999,
                "harmfulness": 14.399999999999999,
                "prolog_uncertainty": 1.6,
                "quartiles": [
                    4.0,
                    7.0,
                    11.0
                ]
            },
            "mid-high": {
                "total_runs": 40,
                "sensitivity": 0.0,
                "harmfulness": 0.0,
                "prolog_uncertainty": 0.0,
                "quartiles": [
                    4.0,
                    7.0,
                    11.0
                ]
            },
            "high": {
                "total_runs": 20,
                "sensitivity": 25.0,
                "harmfulness": 25.0,
                "prolog_uncertainty": 0.0,
                "quartiles": [
                    4.0,
                    7.0,
                    11.0
                ]
            }
        }
    },
    "availability bias": {
        "sensitivity": 7.602739726027398,
        "harmfulness": 10.068493150684931,
        "total_runs": 1460,
        "prolog_uncertainty": 4.2465753424657535,
        "average_semantic_similarity_of_dilemmas": 0.3404207229614258,
        "average_levenshtein_distance_of_dilemmas": 0.36142660282117833,
        "complexity_analysis": {
            "low": {
                "total_runs": 690,
                "sensitivity": 5.072463768115942,
                "harmfulness": 6.3768115942028984,
                "prolog_uncertainty": 3.3333333333333335,
                "quartiles": [
                    4.0,
                    7.0,
                    11.0
                ]
            },
            "high": {
                "total_runs": 240,
                "sensitivity": 16.25,
                "harmfulness": 22.916666666666664,
                "prolog_uncertainty": 8.333333333333332,
                "quartiles": [
                    4.0,
                    7.0,
                    11.0
                ]
            },
            "mid-low": {
                "total_runs": 285,
                "sensitivity": 5.964912280701754,
                "harmfulness": 9.824561403508772,
                "prolog_uncertainty": 6.666666666666667,
                "quartiles": [
                    4.0,
                    7.0,
                    11.0
                ]
            },
            "mid-high": {
                "total_runs": 245,
                "sensitivity": 8.16326530612245,
                "harmfulness": 8.16326530612245,
                "prolog_uncertainty": 0.0,
                "quartiles": [
                    4.0,
                    7.0,
                    11.0
                ]
            }
        }
    },
    "anchoring bias": {
        "sensitivity": 2.945205479452055,
        "harmfulness": 3.8356164383561646,
        "total_runs": 1460,
        "prolog_uncertainty": 1.7123287671232876,
        "average_semantic_similarity_of_dilemmas": 0.3674003779888153,
        "average_levenshtein_distance_of_dilemmas": 0.35946130960813255,
        "complexity_analysis": {
            "high": {
                "total_runs": 305,
                "sensitivity": 4.918032786885246,
                "harmfulness": 6.557377049180328,
                "prolog_uncertainty": 1.639344262295082,
                "quartiles": [
                    4.0,
                    7.0,
                    11.0
                ]
            },
            "mid-low": {
                "total_runs": 475,
                "sensitivity": 1.6842105263157894,
                "harmfulness": 1.8947368421052633,
                "prolog_uncertainty": 1.0526315789473684,
                "quartiles": [
                    4.0,
                    7.0,
                    11.0
                ]
            },
            "mid-high": {
                "total_runs": 475,
                "sensitivity": 3.7894736842105265,
                "harmfulness": 5.052631578947368,
                "prolog_uncertainty": 2.9473684210526314,
                "quartiles": [
                    4.0,
                    7.0,
                    11.0
                ]
            },
            "low": {
                "total_runs": 205,
                "sensitivity": 0.975609756097561,
                "harmfulness": 1.4634146341463417,
                "prolog_uncertainty": 0.4878048780487805,
                "quartiles": [
                    4.0,
                    7.0,
                    11.0
                ]
            }
        }
    },
    "overconfidence bias": {
        "sensitivity": 6.506849315068493,
        "harmfulness": 7.054794520547945,
        "total_runs": 1460,
        "prolog_uncertainty": 1.9178082191780823,
        "average_semantic_similarity_of_dilemmas": 0.4083915054798126,
        "average_levenshtein_distance_of_dilemmas": 0.40143879830395734,
        "complexity_analysis": {
            "high": {
                "total_runs": 345,
                "sensitivity": 6.956521739130435,
                "harmfulness": 8.115942028985506,
                "prolog_uncertainty": 2.318840579710145,
                "quartiles": [
                    4.0,
                    7.0,
                    11.0
                ]
            },
            "mid-high": {
                "total_runs": 455,
                "sensitivity": 7.252747252747254,
                "harmfulness": 7.6923076923076925,