{
    "confirmation bias": {
        "sensitivity": 10.275862068965518,
        "harmfulness": 12.96551724137931,
        "total_runs": 1450,
        "prolog_uncertainty": 4.068965517241379,
        "average_semantic_similarity_of_dilemmas": 0.33870378136634827,
        "average_levenshtein_distance_of_dilemmas": 0.3789385310167363,
        "complexity_analysis": {
            "low": {
                "total_runs": 491,
                "sensitivity": 5.906313645621181,
                "harmfulness": 4.887983706720977,
                "prolog_uncertainty": 1.0183299389002036,
                "quartiles": [
                    4.0,
                    7.0,
                    11.0
                ]
            },
            "mid-low": {
                "total_runs": 625,
                "sensitivity": 6.4,
                "harmfulness": 9.28,
                "prolog_uncertainty": 3.2,
                "quartiles": [
                    4.0,
                    7.0,
                    11.0
                ]
            },
            "mid-high": {
                "total_runs": 115,
                "sensitivity": 6.086956521739131,
                "harmfulness": 8.695652173913043,
                "prolog_uncertainty": 4.3478260869565215,
                "quartiles": [
                    4.0,
                    7.0,
                    11.0
                ]
            },
            "high": {
                "total_runs": 219,
                "sensitivity": 33.33333333333333,
                "harmfulness": 43.83561643835616,
                "prolog_uncertainty": 13.24200913242009,
                "quartiles": [
                    4.0,
                    7.0,
                    11.0
                ]
            }
        }
    },
    "hyperbolic discounting": {
        "sensitivity": 10.782967032967033,
        "harmfulness": 12.087912087912088,
        "total_runs": 1456,
        "prolog_uncertainty": 3.3653846153846154,
        "average_semantic_similarity_of_dilemmas": 0.36036908626556396,
        "average_levenshtein_distance_of_dilemmas": 0.40378202302256067,
        "complexity_analysis": {
            "low": {
                "total_runs": 1271,
                "sensitivity": 10.30684500393391,
                "harmfulness": 12.195121951219512,
                "prolog_uncertainty": 3.461841070023604,
                "quartiles": [
                    4.0,
                    7.0,
                    11.0
                ]
            },
            "mid-low": {
                "total_runs": 125,
                "sensitivity": 18.4,
                "harmfulness": 16.8,
                "prolog_uncertainty": 1.6,
                "quartiles": [
                    4.0,
                    7.0,
                    11.0
                ]
            },
            "mid-high": {
                "total_runs": 40,
                "sensitivity": 7.5,
                "harmfulness": 0.0,
                "prolog_uncertainty": 7.5,
                "quartiles": [
                    4.0,
                    7.0,
                    11.0
                ]
            },
            "high": {
                "total_runs": 20,
                "sensitivity": 0.0,
                "harmfulness": 0.0,
                "prolog_uncertainty": 0.0,
                "quartiles": [
                    4.0,
                    7.0,
                    11.0
                ]
            }
        }
    },
    "availability bias": {
        "sensitivity": 10.089224433768017,
        "harmfulness": 10.775566231983527,
        "total_runs": 1457,
        "prolog_uncertainty": 4.118050789293068,
        "average_semantic_similarity_of_dilemmas": 0.3404207229614258,
        "average_levenshtein_distance_of_dilemmas": 0.36142660282117833,
        "complexity_analysis": {
            "low": {
                "total_runs": 688,
                "sensitivity": 6.831395348837209,
                "harmfulness": 6.976744186046512,
                "prolog_uncertainty": 4.215116279069767,
                "quartiles": [
                    4.0,
                    7.0,
                    11.0
                ]
            },
            "high": {
                "total_runs": 239,
                "sensitivity": 25.523012552301257,
                "harmfulness": 25.94142259414226,
                "prolog_uncertainty": 2.092050209205021,
                "quartiles": [
                    4.0,
                    7.0,
                    11.0
                ]
            },
            "mid-low": {
                "total_runs": 285,
                "sensitivity": 7.719298245614035,
                "harmfulness": 9.824561403508772,
                "prolog_uncertainty": 8.421052631578947,
                "quartiles": [
                    4.0,
                    7.0,
                    11.0
                ]
            },
            "mid-high": {
                "total_runs": 245,
                "sensitivity": 6.938775510204081,
                "harmfulness": 7.755102040816326,
                "prolog_uncertainty": 0.8163265306122449,
                "quartiles": [
                    4.0,
                    7.0,
                    11.0
                ]
            }
        }
    },
    "anchoring bias": {
        "sensitivity": 5.837912087912088,
        "harmfulness": 7.417582417582418,
        "total_runs": 1456,
        "prolog_uncertainty": 2.129120879120879,
        "average_semantic_similarity_of_dilemmas": 0.3674003779888153,
        "average_levenshtein_distance_of_dilemmas": 0.35946130960813255,
        "complexity_analysis": {
            "high": {
                "total_runs": 305,
                "sensitivity": 4.590163934426229,
                "harmfulness": 7.868852459016394,
                "prolog_uncertainty": 3.278688524590164,
                "quartiles": [
                    4.0,
                    7.0,
                    11.0
                ]
            },
            "mid-low": {
                "total_runs": 475,
                "sensitivity": 5.052631578947368,
                "harmfulness": 7.368421052631578,
                "prolog_uncertainty": 2.3157894736842106,
                "quartiles": [
                    4.0,
                    7.0,
                    11.0
                ]
            },
            "mid-high": {
                "total_runs": 472,
                "sensitivity": 7.203389830508475,
                "harmfulness": 7.627118644067797,
                "prolog_uncertainty": 1.2711864406779663,
                "quartiles": [
                    4.0,
                    7.0,
                    11.0
                ]
            },
            "low": {
                "total_runs": 204,
                "sensitivity": 6.372549019607843,
                "harmfulness": 6.372549019607843,
                "prolog_uncertainty": 1.9607843137254901,
                "quartiles": [
                    4.0,
                    7.0,
                    11.0
                ]
            }
        }
    },
    "overconfidence bias": {
        "sensitivity": 8.904109589041095,
        "harmfulness": 9.04109589041096,
        "total_runs": 1460,
        "prolog_uncertainty": 1.643835616438356,
        "average_semantic_similarity_of_dilemmas": 0.4083915054798126,
        "average_levenshtein_distance_of_dilemmas": 0.40143879830395734,
        "complexity_analysis": {
            "high": {
                "total_runs": 345,
                "sensitivity": 5.507246376811594,
                "harmfulness": 4.9275362318840585,
                "prolog_uncertainty": 1.7391304347826086,
                "quartiles": [
                    4.0,
                    7.0,
                    11.0
                ]
            },
            "mid-high": {
                "total_runs": 455,
                "sensitivity": 10.329670329670328,
                "harmfulness": 9.010989010989011,
                "prolog_uncertainty": 1.7582417582417582,