{
    "confirmation bias": {
        "sensitivity": 4.315068493150685,
        "harmfulness": 7.328767123287672,
        "total_runs": 1460,
        "prolog_uncertainty": 3.9726027397260277,
        "average_semantic_similarity_of_dilemmas": 0.33870378136634827,
        "average_levenshtein_distance_of_dilemmas": 0.3789385310167363,
        "complexity_analysis": {
            "low": {
                "total_runs": 495,
                "sensitivity": 2.6262626262626263,
                "harmfulness": 2.6262626262626263,
                "prolog_uncertainty": 0.0,
                "quartiles": [
                    4.0,
                    7.0,
                    11.0
                ]
            },
            "mid-low": {
                "total_runs": 625,
                "sensitivity": 0.8,
                "harmfulness": 1.28,
                "prolog_uncertainty": 0.8,
                "quartiles": [
                    4.0,
                    7.0,
                    11.0
                ]
            },
            "mid-high": {
                "total_runs": 115,
                "sensitivity": 3.4782608695652173,
                "harmfulness": 0.8695652173913043,
                "prolog_uncertainty": 4.3478260869565215,
                "quartiles": [
                    4.0,
                    7.0,
                    11.0
                ]
            },
            "high": {
                "total_runs": 225,
                "sensitivity": 18.22222222222222,
                "harmfulness": 37.77777777777778,
                "prolog_uncertainty": 21.333333333333336,
                "quartiles": [
                    4.0,
                    7.0,
                    11.0
                ]
            }
        }
    },
    "hyperbolic discounting": {
        "sensitivity": 6.301369863013699,
        "harmfulness": 6.575342465753424,
        "total_runs": 1460,
        "prolog_uncertainty": 0.9589041095890412,
        "average_semantic_similarity_of_dilemmas": 0.36036908626556396,
        "average_levenshtein_distance_of_dilemmas": 0.40378202302256067,
        "complexity_analysis": {
            "low": {
                "total_runs": 1275,
                "sensitivity": 5.88235294117647,
                "harmfulness": 6.03921568627451,
                "prolog_uncertainty": 0.4705882352941176,
                "quartiles": [
                    4.0,
                    7.0,
                    11.0
                ]
            },
            "mid-low": {
                "total_runs": 125,
                "sensitivity": 13.600000000000001,
                "harmfulness": 11.200000000000001,
                "prolog_uncertainty": 2.4,
                "quartiles": [
                    4.0,
                    7.0,
                    11.0
                ]
            },
            "mid-high": {
                "total_runs": 40,
                "sensitivity": 0.0,
                "harmfulness": 12.5,
                "prolog_uncertainty": 12.5,
                "quartiles": [
                    4.0,
                    7.0,
                    11.0
                ]
            },
            "high": {
                "total_runs": 20,
                "sensitivity": 0.0,
                "harmfulness": 0.0,
                "prolog_uncertainty": 0.0,
                "quartiles": [
                    4.0,
                    7.0,
                    11.0
                ]
            }
        }
    },
    "availability bias": {
        "sensitivity": 4.863013698630137,
        "harmfulness": 6.301369863013699,
        "total_runs": 1460,
        "prolog_uncertainty": 3.904109589041096,
        "average_semantic_similarity_of_dilemmas": 0.3404207229614258,
        "average_levenshtein_distance_of_dilemmas": 0.36142660282117833,
        "complexity_analysis": {
            "low": {
                "total_runs": 690,
                "sensitivity": 3.1884057971014492,
                "harmfulness": 4.057971014492753,
                "prolog_uncertainty": 2.318840579710145,
                "quartiles": [
                    4.0,
                    7.0,
                    11.0
                ]
            },
            "high": {
                "total_runs": 240,
                "sensitivity": 12.5,
                "harmfulness": 14.583333333333334,
                "prolog_uncertainty": 5.416666666666667,
                "quartiles": [
                    4.0,
                    7.0,
                    11.0
                ]
            },
            "mid-low": {
                "total_runs": 285,
                "sensitivity": 3.8596491228070176,
                "harmfulness": 6.315789473684211,
                "prolog_uncertainty": 8.771929824561402,
                "quartiles": [
                    4.0,
                    7.0,
                    11.0
                ]
            },
            "mid-high": {
                "total_runs": 245,
                "sensitivity": 3.2653061224489797,
                "harmfulness": 4.489795918367347,
                "prolog_uncertainty": 1.2244897959183674,
                "quartiles": [
                    4.0,
                    7.0,
                    11.0
                ]
            }
        }
    },
    "anchoring bias": {
        "sensitivity": 3.4246575342465753,
        "harmfulness": 3.8356164383561646,
        "total_runs": 1460,
        "prolog_uncertainty": 2.328767123287671,
        "average_semantic_similarity_of_dilemmas": 0.3674003779888153,
        "average_levenshtein_distance_of_dilemmas": 0.35946130960813255,
        "complexity_analysis": {
            "high": {
                "total_runs": 305,
                "sensitivity": 4.2622950819672125,
                "harmfulness": 5.901639344262295,
                "prolog_uncertainty": 4.2622950819672125,
                "quartiles": [
                    4.0,
                    7.0,
                    11.0
                ]
            },
            "mid-low": {
                "total_runs": 475,
                "sensitivity": 4.0,
                "harmfulness": 3.7894736842105265,
                "prolog_uncertainty": 1.0526315789473684,
                "quartiles": [
                    4.0,
                    7.0,
                    11.0
                ]
            },
            "mid-high": {
                "total_runs": 475,
                "sensitivity": 2.736842105263158,
                "harmfulness": 3.1578947368421053,
                "prolog_uncertainty": 3.3684210526315788,
                "quartiles": [
                    4.0,
                    7.0,
                    11.0
                ]
            },
            "low": {
                "total_runs": 205,
                "sensitivity": 2.4390243902439024,
                "harmfulness": 2.4390243902439024,
                "prolog_uncertainty": 0.0,
                "quartiles": [
                    4.0,
                    7.0,
                    11.0
                ]
            }
        }
    },
    "overconfidence bias": {
        "sensitivity": 2.328767123287671,
        "harmfulness": 2.3972602739726026,
        "total_runs": 1460,
        "prolog_uncertainty": 1.1643835616438356,
        "average_semantic_similarity_of_dilemmas": 0.4083915054798126,
        "average_levenshtein_distance_of_dilemmas": 0.40143879830395734,
        "complexity_analysis": {
            "high": {
                "total_runs": 345,
                "sensitivity": 1.1594202898550725,
                "harmfulness": 1.1594202898550725,
                "prolog_uncertainty": 0.0,
                "quartiles": [
                    4.0,
                    7.0,
                    11.0
                ]
            },
            "mid-high": {
                "total_runs": 455,
                "sensitivity": 1.7582417582417582,
                "harmfulness": 1.9780219780219779,
                "prolog_uncertainty": 1.5384615384615385,