{
    "confirmation bias": {
        "sensitivity": 7.755662319835278,
        "harmfulness": 10.91283459162663,
        "total_runs": 1457,
        "prolog_uncertainty": 4.25531914893617,
        "average_semantic_similarity_of_dilemmas": 0.33870378136634827,
        "average_levenshtein_distance_of_dilemmas": 0.3789385310167363,
        "complexity_analysis": {
            "low": {
                "total_runs": 494,
                "sensitivity": 4.4534412955465585,
                "harmfulness": 5.060728744939271,
                "prolog_uncertainty": 1.417004048582996,
                "quartiles": [
                    4.0,
                    7.0,
                    11.0
                ]
            },
            "mid-low": {
                "total_runs": 624,
                "sensitivity": 4.807692307692308,
                "harmfulness": 6.41025641025641,
                "prolog_uncertainty": 1.9230769230769231,
                "quartiles": [
                    4.0,
                    7.0,
                    11.0
                ]
            },
            "mid-high": {
                "total_runs": 114,
                "sensitivity": 1.7543859649122806,
                "harmfulness": 1.7543859649122806,
                "prolog_uncertainty": 0.0,
                "quartiles": [
                    4.0,
                    7.0,
                    11.0
                ]
            },
            "high": {
                "total_runs": 225,
                "sensitivity": 26.222222222222225,
                "harmfulness": 40.88888888888889,
                "prolog_uncertainty": 19.11111111111111,
                "quartiles": [
                    4.0,
                    7.0,
                    11.0
                ]
            }
        }
    },
    "hyperbolic discounting": {
        "sensitivity": 6.858710562414267,
        "harmfulness": 7.338820301783265,
        "total_runs": 1458,
        "prolog_uncertainty": 1.9890260631001373,
        "average_semantic_similarity_of_dilemmas": 0.36036908626556396,
        "average_levenshtein_distance_of_dilemmas": 0.40378202302256067,
        "complexity_analysis": {
            "low": {
                "total_runs": 1273,
                "sensitivity": 6.3629222309505105,
                "harmfulness": 7.384131971720345,
                "prolog_uncertainty": 1.8067556952081696,
                "quartiles": [
                    4.0,
                    7.0,
                    11.0
                ]
            },
            "mid-low": {
                "total_runs": 125,
                "sensitivity": 12.8,
                "harmfulness": 8.799999999999999,
                "prolog_uncertainty": 4.0,
                "quartiles": [
                    4.0,
                    7.0,
                    11.0
                ]
            },
            "mid-high": {
                "total_runs": 40,
                "sensitivity": 7.5,
                "harmfulness": 5.0,
                "prolog_uncertainty": 2.5,
                "quartiles": [
                    4.0,
                    7.0,
                    11.0
                ]
            },
            "high": {
                "total_runs": 20,
                "sensitivity": 0.0,
                "harmfulness": 0.0,
                "prolog_uncertainty": 0.0,
                "quartiles": [
                    4.0,
                    7.0,
                    11.0
                ]
            }
        }
    },
    "availability bias": {
        "sensitivity": 5.9589041095890405,
        "harmfulness": 8.356164383561644,
        "total_runs": 1460,
        "prolog_uncertainty": 4.041095890410959,
        "average_semantic_similarity_of_dilemmas": 0.3404207229614258,
        "average_levenshtein_distance_of_dilemmas": 0.36142660282117833,
        "complexity_analysis": {
            "low": {
                "total_runs": 690,
                "sensitivity": 3.0434782608695654,
                "harmfulness": 4.782608695652174,
                "prolog_uncertainty": 2.898550724637681,
                "quartiles": [
                    4.0,
                    7.0,
                    11.0
                ]
            },
            "high": {
                "total_runs": 240,
                "sensitivity": 14.166666666666666,
                "harmfulness": 17.5,
                "prolog_uncertainty": 3.3333333333333335,
                "quartiles": [
                    4.0,
                    7.0,
                    11.0
                ]
            },
            "mid-low": {
                "total_runs": 285,
                "sensitivity": 4.912280701754386,
                "harmfulness": 10.175438596491228,
                "prolog_uncertainty": 10.87719298245614,
                "quartiles": [
                    4.0,
                    7.0,
                    11.0
                ]
            },
            "mid-high": {
                "total_runs": 245,
                "sensitivity": 7.346938775510205,
                "harmfulness": 7.346938775510205,
                "prolog_uncertainty": 0.0,
                "quartiles": [
                    4.0,
                    7.0,
                    11.0
                ]
            }
        }
    },
    "anchoring bias": {
        "sensitivity": 4.598490048043926,
        "harmfulness": 5.284831846259437,
        "total_runs": 1457,
        "prolog_uncertainty": 2.059025394646534,
        "average_semantic_similarity_of_dilemmas": 0.3674003779888153,
        "average_levenshtein_distance_of_dilemmas": 0.35946130960813255,
        "complexity_analysis": {
            "high": {
                "total_runs": 305,
                "sensitivity": 5.245901639344262,
                "harmfulness": 5.573770491803279,
                "prolog_uncertainty": 2.9508196721311477,
                "quartiles": [
                    4.0,
                    7.0,
                    11.0
                ]
            },
            "mid-low": {
                "total_runs": 473,
                "sensitivity": 5.07399577167019,
                "harmfulness": 6.13107822410148,
                "prolog_uncertainty": 1.4799154334038054,
                "quartiles": [
                    4.0,
                    7.0,
                    11.0
                ]
            },
            "mid-high": {
                "total_runs": 474,
                "sensitivity": 4.430379746835443,
                "harmfulness": 6.118143459915612,
                "prolog_uncertainty": 2.109704641350211,
                "quartiles": [
                    4.0,
                    7.0,
                    11.0
                ]
            },
            "low": {
                "total_runs": 205,
                "sensitivity": 2.9268292682926833,
                "harmfulness": 0.975609756097561,
                "prolog_uncertainty": 1.951219512195122,
                "quartiles": [
                    4.0,
                    7.0,
                    11.0
                ]
            }
        }
    },
    "overconfidence bias": {
        "sensitivity": 3.6986301369863015,
        "harmfulness": 3.904109589041096,
        "total_runs": 1460,
        "prolog_uncertainty": 1.4383561643835616,
        "average_semantic_similarity_of_dilemmas": 0.4083915054798126,
        "average_levenshtein_distance_of_dilemmas": 0.40143879830395734,
        "complexity_analysis": {
            "high": {
                "total_runs": 345,
                "sensitivity": 1.7391304347826086,
                "harmfulness": 2.0289855072463765,
                "prolog_uncertainty": 0.2898550724637681,
                "quartiles": [
                    4.0,
                    7.0,
                    11.0
                ]
            },
            "mid-high": {
                "total_runs": 455,
                "sensitivity": 3.5164835164835164,
                "harmfulness": 3.9560439560439558,