{
    "confirmation bias": {
        "sensitivity": 19.739547635366687,
        "harmfulness": 21.658670322138452,
        "total_runs": 1459,
        "prolog_uncertainty": 3.289924605894448,
        "average_semantic_similarity_of_dilemmas": 0.33870378136634827,
        "average_levenshtein_distance_of_dilemmas": 0.3789385310167363,
        "complexity_analysis": {
            "low": {
                "total_runs": 494,
                "sensitivity": 10.931174089068826,
                "harmfulness": 10.931174089068826,
                "prolog_uncertainty": 0.0,
                "quartiles": [
                    4.0,
                    7.0,
                    11.0
                ]
            },
            "mid-low": {
                "total_runs": 625,
                "sensitivity": 16.64,
                "harmfulness": 17.119999999999997,
                "prolog_uncertainty": 2.08,
                "quartiles": [
                    4.0,
                    7.0,
                    11.0
                ]
            },
            "mid-high": {
                "total_runs": 115,
                "sensitivity": 18.26086956521739,
                "harmfulness": 20.0,
                "prolog_uncertainty": 1.7391304347826086,
                "quartiles": [
                    4.0,
                    7.0,
                    11.0
                ]
            },
            "high": {
                "total_runs": 225,
                "sensitivity": 48.44444444444444,
                "harmfulness": 58.666666666666664,
                "prolog_uncertainty": 14.666666666666666,
                "quartiles": [
                    4.0,
                    7.0,
                    11.0
                ]
            }
        }
    },
    "hyperbolic discounting": {
        "sensitivity": 28.718300205620288,
        "harmfulness": 31.59698423577793,
        "total_runs": 1459,
        "prolog_uncertainty": 4.934886908841672,
        "average_semantic_similarity_of_dilemmas": 0.36036908626556396,
        "average_levenshtein_distance_of_dilemmas": 0.40378202302256067,
        "complexity_analysis": {
            "low": {
                "total_runs": 1274,
                "sensitivity": 30.298273155416013,
                "harmfulness": 33.04552590266876,
                "prolog_uncertainty": 4.945054945054945,
                "quartiles": [
                    4.0,
                    7.0,
                    11.0
                ]
            },
            "mid-low": {
                "total_runs": 125,
                "sensitivity": 23.200000000000003,
                "harmfulness": 28.799999999999997,
                "prolog_uncertainty": 7.199999999999999,
                "quartiles": [
                    4.0,
                    7.0,
                    11.0
                ]
            },
            "mid-high": {
                "total_runs": 40,
                "sensitivity": 10.0,
                "harmfulness": 10.0,
                "prolog_uncertainty": 0.0,
                "quartiles": [
                    4.0,
                    7.0,
                    11.0
                ]
            },
            "high": {
                "total_runs": 20,
                "sensitivity": 0.0,
                "harmfulness": 0.0,
                "prolog_uncertainty": 0.0,
                "quartiles": [
                    4.0,
                    7.0,
                    11.0
                ]
            }
        }
    },
    "availability bias": {
        "sensitivity": 13.402061855670103,
        "harmfulness": 15.051546391752577,
        "total_runs": 1455,
        "prolog_uncertainty": 4.398625429553265,
        "average_semantic_similarity_of_dilemmas": 0.3404207229614258,
        "average_levenshtein_distance_of_dilemmas": 0.36142660282117833,
        "complexity_analysis": {
            "low": {
                "total_runs": 687,
                "sensitivity": 11.06259097525473,
                "harmfulness": 13.682678311499272,
                "prolog_uncertainty": 4.657933042212519,
                "quartiles": [
                    4.0,
                    7.0,
                    11.0
                ]
            },
            "high": {
                "total_runs": 238,
                "sensitivity": 25.210084033613445,
                "harmfulness": 24.789915966386555,
                "prolog_uncertainty": 2.941176470588235,
                "quartiles": [
                    4.0,
                    7.0,
                    11.0
                ]
            },
            "mid-low": {
                "total_runs": 285,
                "sensitivity": 9.473684210526317,
                "harmfulness": 11.228070175438596,
                "prolog_uncertainty": 7.368421052631578,
                "quartiles": [
                    4.0,
                    7.0,
                    11.0
                ]
            },
            "mid-high": {
                "total_runs": 245,
                "sensitivity": 13.061224489795919,
                "harmfulness": 13.877551020408163,
                "prolog_uncertainty": 1.6326530612244898,
                "quartiles": [
                    4.0,
                    7.0,
                    11.0
                ]
            }
        }
    },
    "anchoring bias": {
        "sensitivity": 7.882111034955449,
        "harmfulness": 9.389993145990404,
        "total_runs": 1459,
        "prolog_uncertainty": 3.427004797806717,
        "average_semantic_similarity_of_dilemmas": 0.3674003779888153,
        "average_levenshtein_distance_of_dilemmas": 0.35946130960813255,
        "complexity_analysis": {
            "high": {
                "total_runs": 305,
                "sensitivity": 9.508196721311474,
                "harmfulness": 12.131147540983607,
                "prolog_uncertainty": 2.622950819672131,
                "quartiles": [
                    4.0,
                    7.0,
                    11.0
                ]
            },
            "mid-low": {
                "total_runs": 474,
                "sensitivity": 7.59493670886076,
                "harmfulness": 9.70464135021097,
                "prolog_uncertainty": 2.9535864978902953,
                "quartiles": [
                    4.0,
                    7.0,
                    11.0
                ]
            },
            "mid-high": {
                "total_runs": 475,
                "sensitivity": 6.315789473684211,
                "harmfulness": 8.0,
                "prolog_uncertainty": 3.3684210526315788,
                "quartiles": [
                    4.0,
                    7.0,
                    11.0
                ]
            },
            "low": {
                "total_runs": 205,
                "sensitivity": 9.75609756097561,
                "harmfulness": 7.804878048780488,
                "prolog_uncertainty": 5.853658536585367,
                "quartiles": [
                    4.0,
                    7.0,
                    11.0
                ]
            }
        }
    },
    "overconfidence bias": {
        "sensitivity": 11.506849315068493,
        "harmfulness": 11.36986301369863,
        "total_runs": 1460,
        "prolog_uncertainty": 1.7808219178082192,
        "average_semantic_similarity_of_dilemmas": 0.4083915054798126,
        "average_levenshtein_distance_of_dilemmas": 0.40143879830395734,
        "complexity_analysis": {
            "high": {
                "total_runs": 345,
                "sensitivity": 9.27536231884058,
                "harmfulness": 9.565217391304348,
                "prolog_uncertainty": 2.0289855072463765,
                "quartiles": [
                    4.0,
                    7.0,
                    11.0
                ]
            },
            "mid-high": {
                "total_runs": 455,
                "sensitivity": 13.626373626373626,
                "harmfulness": 12.527472527472527,