{
    "confirmation bias": {
        "sensitivity": 9.178082191780822,
        "harmfulness": 13.219178082191782,
        "total_runs": 1460,
        "prolog_uncertainty": 4.041095890410959,
        "average_semantic_similarity_of_dilemmas": 0.33870378136634827,
        "average_levenshtein_distance_of_dilemmas": 0.3789385310167363,
        "complexity_analysis": {
            "low": {
                "total_runs": 495,
                "sensitivity": 4.040404040404041,
                "harmfulness": 4.040404040404041,
                "prolog_uncertainty": 0.0,
                "quartiles": [
                    4.0,
                    7.0,
                    11.0
                ]
            },
            "mid-low": {
                "total_runs": 625,
                "sensitivity": 6.5600000000000005,
                "harmfulness": 7.199999999999999,
                "prolog_uncertainty": 0.64,
                "quartiles": [
                    4.0,
                    7.0,
                    11.0
                ]
            },
            "mid-high": {
                "total_runs": 115,
                "sensitivity": 7.82608695652174,
                "harmfulness": 12.173913043478262,
                "prolog_uncertainty": 4.3478260869565215,
                "quartiles": [
                    4.0,
                    7.0,
                    11.0
                ]
            },
            "high": {
                "total_runs": 225,
                "sensitivity": 28.444444444444443,
                "harmfulness": 50.66666666666667,
                "prolog_uncertainty": 22.22222222222222,
                "quartiles": [
                    4.0,
                    7.0,
                    11.0
                ]
            }
        }
    },
    "hyperbolic discounting": {
        "sensitivity": 20.82191780821918,
        "harmfulness": 21.84931506849315,
        "total_runs": 1460,
        "prolog_uncertainty": 1.1643835616438356,
        "average_semantic_similarity_of_dilemmas": 0.36036908626556396,
        "average_levenshtein_distance_of_dilemmas": 0.40378202302256067,
        "complexity_analysis": {
            "low": {
                "total_runs": 1275,
                "sensitivity": 20.784313725490197,
                "harmfulness": 21.96078431372549,
                "prolog_uncertainty": 1.3333333333333335,
                "quartiles": [
                    4.0,
                    7.0,
                    11.0
                ]
            },
            "mid-low": {
                "total_runs": 125,
                "sensitivity": 23.200000000000003,
                "harmfulness": 23.200000000000003,
                "prolog_uncertainty": 0.0,
                "quartiles": [
                    4.0,
                    7.0,
                    11.0
                ]
            },
            "mid-high": {
                "total_runs": 40,
                "sensitivity": 12.5,
                "harmfulness": 12.5,
                "prolog_uncertainty": 0.0,
                "quartiles": [
                    4.0,
                    7.0,
                    11.0
                ]
            },
            "high": {
                "total_runs": 20,
                "sensitivity": 25.0,
                "harmfulness": 25.0,
                "prolog_uncertainty": 0.0,
                "quartiles": [
                    4.0,
                    7.0,
                    11.0
                ]
            }
        }
    },
    "availability bias": {
        "sensitivity": 7.560137457044673,
        "harmfulness": 9.690721649484537,
        "total_runs": 1455,
        "prolog_uncertainty": 5.292096219931271,
        "average_semantic_similarity_of_dilemmas": 0.3404207229614258,
        "average_levenshtein_distance_of_dilemmas": 0.36142660282117833,
        "complexity_analysis": {
            "low": {
                "total_runs": 690,
                "sensitivity": 5.797101449275362,
                "harmfulness": 6.521739130434782,
                "prolog_uncertainty": 4.492753623188406,
                "quartiles": [
                    4.0,
                    7.0,
                    11.0
                ]
            },
            "high": {
                "total_runs": 235,
                "sensitivity": 14.042553191489363,
                "harmfulness": 22.5531914893617,
                "prolog_uncertainty": 13.617021276595745,
                "quartiles": [
                    4.0,
                    7.0,
                    11.0
                ]
            },
            "mid-low": {
                "total_runs": 285,
                "sensitivity": 4.912280701754386,
                "harmfulness": 6.666666666666667,
                "prolog_uncertainty": 4.56140350877193,
                "quartiles": [
                    4.0,
                    7.0,
                    11.0
                ]
            },
            "mid-high": {
                "total_runs": 245,
                "sensitivity": 9.387755102040817,
                "harmfulness": 9.795918367346939,
                "prolog_uncertainty": 0.40816326530612246,
                "quartiles": [
                    4.0,
                    7.0,
                    11.0
                ]
            }
        }
    },
    "anchoring bias": {
        "sensitivity": 5.342465753424658,
        "harmfulness": 5.616438356164384,
        "total_runs": 1460,
        "prolog_uncertainty": 1.2328767123287672,
        "average_semantic_similarity_of_dilemmas": 0.3674003779888153,
        "average_levenshtein_distance_of_dilemmas": 0.35946130960813255,
        "complexity_analysis": {
            "high": {
                "total_runs": 305,
                "sensitivity": 3.278688524590164,
                "harmfulness": 4.2622950819672125,
                "prolog_uncertainty": 0.9836065573770493,
                "quartiles": [
                    4.0,
                    7.0,
                    11.0
                ]
            },
            "mid-low": {
                "total_runs": 475,
                "sensitivity": 4.421052631578947,
                "harmfulness": 4.421052631578947,
                "prolog_uncertainty": 0.0,
                "quartiles": [
                    4.0,
                    7.0,
                    11.0
                ]
            },
            "mid-high": {
                "total_runs": 475,
                "sensitivity": 6.7368421052631575,
                "harmfulness": 8.0,
                "prolog_uncertainty": 1.6842105263157894,
                "quartiles": [
                    4.0,
                    7.0,
                    11.0
                ]
            },
            "low": {
                "total_runs": 205,
                "sensitivity": 7.317073170731707,
                "harmfulness": 4.878048780487805,
                "prolog_uncertainty": 3.414634146341464,
                "quartiles": [
                    4.0,
                    7.0,
                    11.0
                ]
            }
        }
    },
    "overconfidence bias": {
        "sensitivity": 6.301369863013699,
        "harmfulness": 8.698630136986301,
        "total_runs": 1460,
        "prolog_uncertainty": 3.0821917808219177,
        "average_semantic_similarity_of_dilemmas": 0.4083915054798126,
        "average_levenshtein_distance_of_dilemmas": 0.40143879830395734,
        "complexity_analysis": {
            "high": {
                "total_runs": 345,
                "sensitivity": 9.565217391304348,
                "harmfulness": 11.014492753623188,
                "prolog_uncertainty": 3.1884057971014492,
                "quartiles": [
                    4.0,
                    7.0,
                    11.0
                ]
            },
            "mid-high": {
                "total_runs": 455,
                "sensitivity": 5.934065934065933,
                "harmfulness": 9.45054945054945,