{
    "confirmation bias": {
        "sensitivity": 19.17808219178082,
        "harmfulness": 21.643835616438356,
        "total_runs": 1460,
        "prolog_uncertainty": 3.5616438356164384,
        "average_semantic_similarity_of_dilemmas": 0.33870378136634827,
        "average_levenshtein_distance_of_dilemmas": 0.3789385310167363,
        "complexity_analysis": {
            "low": {
                "total_runs": 495,
                "sensitivity": 8.080808080808081,
                "harmfulness": 8.080808080808081,
                "prolog_uncertainty": 0.0,
                "quartiles": [
                    4.0,
                    7.0,
                    11.0
                ]
            },
            "mid-low": {
                "total_runs": 625,
                "sensitivity": 17.76,
                "harmfulness": 18.4,
                "prolog_uncertainty": 0.96,
                "quartiles": [
                    4.0,
                    7.0,
                    11.0
                ]
            },
            "mid-high": {
                "total_runs": 115,
                "sensitivity": 13.91304347826087,
                "harmfulness": 22.608695652173914,
                "prolog_uncertainty": 8.695652173913043,
                "quartiles": [
                    4.0,
                    7.0,
                    11.0
                ]
            },
            "high": {
                "total_runs": 225,
                "sensitivity": 50.22222222222222,
                "harmfulness": 60.0,
                "prolog_uncertainty": 16.0,
                "quartiles": [
                    4.0,
                    7.0,
                    11.0
                ]
            }
        }
    },
    "hyperbolic discounting": {
        "sensitivity": 48.97260273972603,
        "harmfulness": 51.0958904109589,
        "total_runs": 1460,
        "prolog_uncertainty": 3.219178082191781,
        "average_semantic_similarity_of_dilemmas": 0.36036908626556396,
        "average_levenshtein_distance_of_dilemmas": 0.40378202302256067,
        "complexity_analysis": {
            "low": {
                "total_runs": 1275,
                "sensitivity": 50.66666666666667,
                "harmfulness": 53.09803921568628,
                "prolog_uncertainty": 3.686274509803922,
                "quartiles": [
                    4.0,
                    7.0,
                    11.0
                ]
            },
            "mid-low": {
                "total_runs": 125,
                "sensitivity": 46.400000000000006,
                "harmfulness": 46.400000000000006,
                "prolog_uncertainty": 0.0,
                "quartiles": [
                    4.0,
                    7.0,
                    11.0
                ]
            },
            "mid-high": {
                "total_runs": 40,
                "sensitivity": 15.0,
                "harmfulness": 15.0,
                "prolog_uncertainty": 0.0,
                "quartiles": [
                    4.0,
                    7.0,
                    11.0
                ]
            },
            "high": {
                "total_runs": 20,
                "sensitivity": 25.0,
                "harmfulness": 25.0,
                "prolog_uncertainty": 0.0,
                "quartiles": [
                    4.0,
                    7.0,
                    11.0
                ]
            }
        }
    },
    "availability bias": {
        "sensitivity": 12.071330589849108,
        "harmfulness": 13.991769547325102,
        "total_runs": 1458,
        "prolog_uncertainty": 4.526748971193416,
        "average_semantic_similarity_of_dilemmas": 0.3404207229614258,
        "average_levenshtein_distance_of_dilemmas": 0.36142660282117833,
        "complexity_analysis": {
            "low": {
                "total_runs": 690,
                "sensitivity": 8.985507246376812,
                "harmfulness": 10.434782608695652,
                "prolog_uncertainty": 4.057971014492753,
                "quartiles": [
                    4.0,
                    7.0,
                    11.0
                ]
            },
            "high": {
                "total_runs": 239,
                "sensitivity": 28.03347280334728,
                "harmfulness": 29.707112970711297,
                "prolog_uncertainty": 5.02092050209205,
                "quartiles": [
                    4.0,
                    7.0,
                    11.0
                ]
            },
            "mid-low": {
                "total_runs": 285,
                "sensitivity": 4.2105263157894735,
                "harmfulness": 9.12280701754386,
                "prolog_uncertainty": 9.12280701754386,
                "quartiles": [
                    4.0,
                    7.0,
                    11.0
                ]
            },
            "mid-high": {
                "total_runs": 244,
                "sensitivity": 14.344262295081966,
                "harmfulness": 14.344262295081966,
                "prolog_uncertainty": 0.0,
                "quartiles": [
                    4.0,
                    7.0,
                    11.0
                ]
            }
        }
    },
    "anchoring bias": {
        "sensitivity": 7.397260273972603,
        "harmfulness": 7.534246575342466,
        "total_runs": 1460,
        "prolog_uncertainty": 2.73972602739726,
        "average_semantic_similarity_of_dilemmas": 0.3674003779888153,
        "average_levenshtein_distance_of_dilemmas": 0.35946130960813255,
        "complexity_analysis": {
            "high": {
                "total_runs": 305,
                "sensitivity": 8.524590163934425,
                "harmfulness": 6.229508196721312,
                "prolog_uncertainty": 4.2622950819672125,
                "quartiles": [
                    4.0,
                    7.0,
                    11.0
                ]
            },
            "mid-low": {
                "total_runs": 475,
                "sensitivity": 6.526315789473684,
                "harmfulness": 6.315789473684211,
                "prolog_uncertainty": 1.0526315789473684,
                "quartiles": [
                    4.0,
                    7.0,
                    11.0
                ]
            },
            "mid-high": {
                "total_runs": 475,
                "sensitivity": 9.263157894736842,
                "harmfulness": 10.73684210526316,
                "prolog_uncertainty": 4.0,
                "quartiles": [
                    4.0,
                    7.0,
                    11.0
                ]
            },
            "low": {
                "total_runs": 205,
                "sensitivity": 3.414634146341464,
                "harmfulness": 4.878048780487805,
                "prolog_uncertainty": 1.4634146341463417,
                "quartiles": [
                    4.0,
                    7.0,
                    11.0
                ]
            }
        }
    },
    "overconfidence bias": {
        "sensitivity": 16.643835616438356,
        "harmfulness": 18.21917808219178,
        "total_runs": 1460,
        "prolog_uncertainty": 4.589041095890411,
        "average_semantic_similarity_of_dilemmas": 0.4083915054798126,
        "average_levenshtein_distance_of_dilemmas": 0.40143879830395734,
        "complexity_analysis": {
            "high": {
                "total_runs": 345,
                "sensitivity": 15.072463768115943,
                "harmfulness": 20.28985507246377,
                "prolog_uncertainty": 6.3768115942028984,
                "quartiles": [
                    4.0,
                    7.0,
                    11.0
                ]
            },
            "mid-high": {
                "total_runs": 455,
                "sensitivity": 16.263736263736263,
                "harmfulness": 18.9010989010989,
                "prolog_uncertainty": 4.395604395604396,