{
    "confirmation bias": {
        "sensitivity": 10.684931506849315,
        "harmfulness": 13.082191780821917,
        "total_runs": 1460,
        "prolog_uncertainty": 3.493150684931507,
        "average_semantic_similarity_of_dilemmas": 0.33870378136634827,
        "average_levenshtein_distance_of_dilemmas": 0.3789385310167363,
        "complexity_analysis": {
            "low": {
                "total_runs": 495,
                "sensitivity": 4.040404040404041,
                "harmfulness": 4.040404040404041,
                "prolog_uncertainty": 0.0,
                "quartiles": [
                    4.0,
                    7.0,
                    11.0
                ]
            },
            "mid-low": {
                "total_runs": 625,
                "sensitivity": 7.199999999999999,
                "harmfulness": 6.88,
                "prolog_uncertainty": 0.32,
                "quartiles": [
                    4.0,
                    7.0,
                    11.0
                ]
            },
            "mid-high": {
                "total_runs": 115,
                "sensitivity": 7.82608695652174,
                "harmfulness": 11.304347826086957,
                "prolog_uncertainty": 8.695652173913043,
                "quartiles": [
                    4.0,
                    7.0,
                    11.0
                ]
            },
            "high": {
                "total_runs": 225,
                "sensitivity": 36.44444444444444,
                "harmfulness": 51.11111111111111,
                "prolog_uncertainty": 17.333333333333336,
                "quartiles": [
                    4.0,
                    7.0,
                    11.0
                ]
            }
        }
    },
    "hyperbolic discounting": {
        "sensitivity": 16.91780821917808,
        "harmfulness": 17.945205479452056,
        "total_runs": 1460,
        "prolog_uncertainty": 2.5342465753424657,
        "average_semantic_similarity_of_dilemmas": 0.36036908626556396,
        "average_levenshtein_distance_of_dilemmas": 0.40378202302256067,
        "complexity_analysis": {
            "low": {
                "total_runs": 1275,
                "sensitivity": 16.392156862745097,
                "harmfulness": 17.88235294117647,
                "prolog_uncertainty": 2.431372549019608,
                "quartiles": [
                    4.0,
                    7.0,
                    11.0
                ]
            },
            "mid-low": {
                "total_runs": 125,
                "sensitivity": 23.200000000000003,
                "harmfulness": 23.200000000000003,
                "prolog_uncertainty": 0.0,
                "quartiles": [
                    4.0,
                    7.0,
                    11.0
                ]
            },
            "mid-high": {
                "total_runs": 40,
                "sensitivity": 22.5,
                "harmfulness": 12.5,
                "prolog_uncertainty": 15.0,
                "quartiles": [
                    4.0,
                    7.0,
                    11.0
                ]
            },
            "high": {
                "total_runs": 20,
                "sensitivity": 0.0,
                "harmfulness": 0.0,
                "prolog_uncertainty": 0.0,
                "quartiles": [
                    4.0,
                    7.0,
                    11.0
                ]
            }
        }
    },
    "availability bias": {
        "sensitivity": 9.726027397260275,
        "harmfulness": 10.136986301369863,
        "total_runs": 1460,
        "prolog_uncertainty": 2.73972602739726,
        "average_semantic_similarity_of_dilemmas": 0.3404207229614258,
        "average_levenshtein_distance_of_dilemmas": 0.36142660282117833,
        "complexity_analysis": {
            "low": {
                "total_runs": 690,
                "sensitivity": 6.811594202898551,
                "harmfulness": 7.681159420289855,
                "prolog_uncertainty": 2.0289855072463765,
                "quartiles": [
                    4.0,
                    7.0,
                    11.0
                ]
            },
            "high": {
                "total_runs": 240,
                "sensitivity": 16.25,
                "harmfulness": 16.666666666666664,
                "prolog_uncertainty": 5.416666666666667,
                "quartiles": [
                    4.0,
                    7.0,
                    11.0
                ]
            },
            "mid-low": {
                "total_runs": 285,
                "sensitivity": 6.666666666666667,
                "harmfulness": 6.315789473684211,
                "prolog_uncertainty": 4.56140350877193,
                "quartiles": [
                    4.0,
                    7.0,
                    11.0
                ]
            },
            "mid-high": {
                "total_runs": 245,
                "sensitivity": 15.10204081632653,
                "harmfulness": 15.10204081632653,
                "prolog_uncertainty": 0.0,
                "quartiles": [
                    4.0,
                    7.0,
                    11.0
                ]
            }
        }
    },
    "anchoring bias": {
        "sensitivity": 4.794520547945205,
        "harmfulness": 5.684931506849315,
        "total_runs": 1460,
        "prolog_uncertainty": 1.9863013698630139,
        "average_semantic_similarity_of_dilemmas": 0.3674003779888153,
        "average_levenshtein_distance_of_dilemmas": 0.35946130960813255,
        "complexity_analysis": {
            "high": {
                "total_runs": 305,
                "sensitivity": 9.836065573770492,
                "harmfulness": 9.836065573770492,
                "prolog_uncertainty": 1.3114754098360655,
                "quartiles": [
                    4.0,
                    7.0,
                    11.0
                ]
            },
            "mid-low": {
                "total_runs": 475,
                "sensitivity": 2.3157894736842106,
                "harmfulness": 3.3684210526315788,
                "prolog_uncertainty": 1.0526315789473684,
                "quartiles": [
                    4.0,
                    7.0,
                    11.0
                ]
            },
            "mid-high": {
                "total_runs": 475,
                "sensitivity": 5.263157894736842,
                "harmfulness": 6.315789473684211,
                "prolog_uncertainty": 3.578947368421052,
                "quartiles": [
                    4.0,
                    7.0,
                    11.0
                ]
            },
            "low": {
                "total_runs": 205,
                "sensitivity": 1.951219512195122,
                "harmfulness": 3.414634146341464,
                "prolog_uncertainty": 1.4634146341463417,
                "quartiles": [
                    4.0,
                    7.0,
                    11.0
                ]
            }
        }
    },
    "overconfidence bias": {
        "sensitivity": 15.0,
        "harmfulness": 15.684931506849315,
        "total_runs": 1460,
        "prolog_uncertainty": 2.054794520547945,
        "average_semantic_similarity_of_dilemmas": 0.4083915054798126,
        "average_levenshtein_distance_of_dilemmas": 0.40143879830395734,
        "complexity_analysis": {
            "high": {
                "total_runs": 345,
                "sensitivity": 12.753623188405797,
                "harmfulness": 14.202898550724639,
                "prolog_uncertainty": 3.768115942028986,
                "quartiles": [
                    4.0,
                    7.0,
                    11.0
                ]
            },
            "mid-high": {
                "total_runs": 455,
                "sensitivity": 13.846153846153847,
                "harmfulness": 13.626373626373626,
                "prolog_uncertainty": 2.417582417582418,