{
    "confirmation bias": {
        "sensitivity": 15.53398058252427,
        "harmfulness": 17.267683772538142,
        "total_runs": 1442,
        "prolog_uncertainty": 6.033287101248266,
        "average_semantic_similarity_of_dilemmas": 0.33870378136634827,
        "average_levenshtein_distance_of_dilemmas": 0.3789385310167363,
        "complexity_analysis": {
            "low": {
                "total_runs": 492,
                "sensitivity": 9.146341463414634,
                "harmfulness": 9.34959349593496,
                "prolog_uncertainty": 3.048780487804878,
                "quartiles": [
                    4.0,
                    7.0,
                    11.0
                ]
            },
            "mid-low": {
                "total_runs": 615,
                "sensitivity": 12.845528455284553,
                "harmfulness": 11.707317073170733,
                "prolog_uncertainty": 1.788617886178862,
                "quartiles": [
                    4.0,
                    7.0,
                    11.0
                ]
            },
            "mid-high": {
                "total_runs": 110,
                "sensitivity": 10.0,
                "harmfulness": 10.909090909090908,
                "prolog_uncertainty": 0.9090909090909091,
                "quartiles": [
                    4.0,
                    7.0,
                    11.0
                ]
            },
            "high": {
                "total_runs": 225,
                "sensitivity": 39.55555555555556,
                "harmfulness": 52.888888888888886,
                "prolog_uncertainty": 26.666666666666668,
                "quartiles": [
                    4.0,
                    7.0,
                    11.0
                ]
            }
        }
    },
    "hyperbolic discounting": {
        "sensitivity": 28.424657534246577,
        "harmfulness": 27.945205479452056,
        "total_runs": 1460,
        "prolog_uncertainty": 2.3972602739726026,
        "average_semantic_similarity_of_dilemmas": 0.36036908626556396,
        "average_levenshtein_distance_of_dilemmas": 0.40378202302256067,
        "complexity_analysis": {
            "low": {
                "total_runs": 1275,
                "sensitivity": 28.313725490196077,
                "harmfulness": 28.000000000000004,
                "prolog_uncertainty": 2.196078431372549,
                "quartiles": [
                    4.0,
                    7.0,
                    11.0
                ]
            },
            "mid-low": {
                "total_runs": 125,
                "sensitivity": 34.4,
                "harmfulness": 36.0,
                "prolog_uncertainty": 1.6,
                "quartiles": [
                    4.0,
                    7.0,
                    11.0
                ]
            },
            "mid-high": {
                "total_runs": 40,
                "sensitivity": 17.5,
                "harmfulness": 5.0,
                "prolog_uncertainty": 12.5,
                "quartiles": [
                    4.0,
                    7.0,
                    11.0
                ]
            },
            "high": {
                "total_runs": 20,
                "sensitivity": 20.0,
                "harmfulness": 20.0,
                "prolog_uncertainty": 0.0,
                "quartiles": [
                    4.0,
                    7.0,
                    11.0
                ]
            }
        }
    },
    "availability bias": {
        "sensitivity": 11.466296038915914,
        "harmfulness": 10.771369006254343,
        "total_runs": 1439,
        "prolog_uncertainty": 7.088255733148019,
        "average_semantic_similarity_of_dilemmas": 0.3404207229614258,
        "average_levenshtein_distance_of_dilemmas": 0.36142660282117833,
        "complexity_analysis": {
            "low": {
                "total_runs": 684,
                "sensitivity": 10.380116959064328,
                "harmfulness": 9.064327485380117,
                "prolog_uncertainty": 6.871345029239766,
                "quartiles": [
                    4.0,
                    7.0,
                    11.0
                ]
            },
            "high": {
                "total_runs": 229,
                "sensitivity": 15.72052401746725,
                "harmfulness": 17.46724890829694,
                "prolog_uncertainty": 9.606986899563319,
                "quartiles": [
                    4.0,
                    7.0,
                    11.0
                ]
            },
            "mid-low": {
                "total_runs": 282,
                "sensitivity": 5.319148936170213,
                "harmfulness": 5.319148936170213,
                "prolog_uncertainty": 9.219858156028367,
                "quartiles": [
                    4.0,
                    7.0,
                    11.0
                ]
            },
            "mid-high": {
                "total_runs": 244,
                "sensitivity": 17.62295081967213,
                "harmfulness": 15.573770491803279,
                "prolog_uncertainty": 2.8688524590163933,
                "quartiles": [
                    4.0,
                    7.0,
                    11.0
                ]
            }
        }
    },
    "anchoring bias": {
        "sensitivity": 9.958791208791208,
        "harmfulness": 8.447802197802199,
        "total_runs": 1456,
        "prolog_uncertainty": 5.21978021978022,
        "average_semantic_similarity_of_dilemmas": 0.3674003779888153,
        "average_levenshtein_distance_of_dilemmas": 0.35946130960813255,
        "complexity_analysis": {
            "high": {
                "total_runs": 305,
                "sensitivity": 11.147540983606557,
                "harmfulness": 10.163934426229508,
                "prolog_uncertainty": 7.540983606557377,
                "quartiles": [
                    4.0,
                    7.0,
                    11.0
                ]
            },
            "mid-low": {
                "total_runs": 475,
                "sensitivity": 7.368421052631578,
                "harmfulness": 6.947368421052631,
                "prolog_uncertainty": 3.3684210526315788,
                "quartiles": [
                    4.0,
                    7.0,
                    11.0
                ]
            },
            "mid-high": {
                "total_runs": 471,
                "sensitivity": 12.951167728237792,
                "harmfulness": 9.554140127388536,
                "prolog_uncertainty": 5.520169851380043,
                "quartiles": [
                    4.0,
                    7.0,
                    11.0
                ]
            },
            "low": {
                "total_runs": 205,
                "sensitivity": 7.317073170731707,
                "harmfulness": 6.829268292682928,
                "prolog_uncertainty": 5.365853658536586,
                "quartiles": [
                    4.0,
                    7.0,
                    11.0
                ]
            }
        }
    },
    "overconfidence bias": {
        "sensitivity": 8.21917808219178,
        "harmfulness": 7.808219178082192,
        "total_runs": 1460,
        "prolog_uncertainty": 2.328767123287671,
        "average_semantic_similarity_of_dilemmas": 0.4083915054798126,
        "average_levenshtein_distance_of_dilemmas": 0.40143879830395734,
        "complexity_analysis": {
            "high": {
                "total_runs": 345,
                "sensitivity": 6.086956521739131,
                "harmfulness": 5.507246376811594,
                "prolog_uncertainty": 0.5797101449275363,
                "quartiles": [
                    4.0,
                    7.0,
                    11.0
                ]
            },
            "mid-high": {
                "total_runs": 455,
                "sensitivity": 8.571428571428571,
                "harmfulness": 7.472527472527473,