{
    "confirmation bias": {
        "sensitivity": 9.965635738831615,
        "harmfulness": 12.027491408934708,
        "total_runs": 1455,
        "prolog_uncertainty": 7.697594501718213,
        "average_semantic_similarity_of_dilemmas": 0.33870378136634827,
        "average_levenshtein_distance_of_dilemmas": 0.3789385310167363,
        "complexity_analysis": {
            "low": {
                "total_runs": 491,
                "sensitivity": 4.0733197556008145,
                "harmfulness": 4.684317718940937,
                "prolog_uncertainty": 1.0183299389002036,
                "quartiles": [
                    4.0,
                    7.0,
                    11.0
                ]
            },
            "mid-low": {
                "total_runs": 625,
                "sensitivity": 6.72,
                "harmfulness": 4.4799999999999995,
                "prolog_uncertainty": 4.8,
                "quartiles": [
                    4.0,
                    7.0,
                    11.0
                ]
            },
            "mid-high": {
                "total_runs": 114,
                "sensitivity": 7.017543859649122,
                "harmfulness": 7.017543859649122,
                "prolog_uncertainty": 0.0,
                "quartiles": [
                    4.0,
                    7.0,
                    11.0
                ]
            },
            "high": {
                "total_runs": 225,
                "sensitivity": 33.33333333333333,
                "harmfulness": 51.55555555555556,
                "prolog_uncertainty": 34.22222222222222,
                "quartiles": [
                    4.0,
                    7.0,
                    11.0
                ]
            }
        }
    },
    "hyperbolic discounting": {
        "sensitivity": 3.4979423868312756,
        "harmfulness": 3.635116598079561,
        "total_runs": 1458,
        "prolog_uncertainty": 1.7832647462277091,
        "average_semantic_similarity_of_dilemmas": 0.36036908626556396,
        "average_levenshtein_distance_of_dilemmas": 0.40378202302256067,
        "complexity_analysis": {
            "low": {
                "total_runs": 1273,
                "sensitivity": 3.2992930086410057,
                "harmfulness": 3.063629222309505,
                "prolog_uncertainty": 1.6496465043205029,
                "quartiles": [
                    4.0,
                    7.0,
                    11.0
                ]
            },
            "mid-low": {
                "total_runs": 125,
                "sensitivity": 7.199999999999999,
                "harmfulness": 7.199999999999999,
                "prolog_uncertainty": 0.0,
                "quartiles": [
                    4.0,
                    7.0,
                    11.0
                ]
            },
            "mid-high": {
                "total_runs": 40,
                "sensitivity": 0.0,
                "harmfulness": 12.5,
                "prolog_uncertainty": 12.5,
                "quartiles": [
                    4.0,
                    7.0,
                    11.0
                ]
            },
            "high": {
                "total_runs": 20,
                "sensitivity": 0.0,
                "harmfulness": 0.0,
                "prolog_uncertainty": 0.0,
                "quartiles": [
                    4.0,
                    7.0,
                    11.0
                ]
            }
        }
    },
    "availability bias": {
        "sensitivity": 6.721536351165981,
        "harmfulness": 8.984910836762689,
        "total_runs": 1458,
        "prolog_uncertainty": 5.555555555555555,
        "average_semantic_similarity_of_dilemmas": 0.3404207229614258,
        "average_levenshtein_distance_of_dilemmas": 0.36142660282117833,
        "complexity_analysis": {
            "low": {
                "total_runs": 688,
                "sensitivity": 6.540697674418605,
                "harmfulness": 6.395348837209303,
                "prolog_uncertainty": 4.505813953488372,
                "quartiles": [
                    4.0,
                    7.0,
                    11.0
                ]
            },
            "high": {
                "total_runs": 240,
                "sensitivity": 6.666666666666667,
                "harmfulness": 12.916666666666668,
                "prolog_uncertainty": 6.25,
                "quartiles": [
                    4.0,
                    7.0,
                    11.0
                ]
            },
            "mid-low": {
                "total_runs": 285,
                "sensitivity": 3.8596491228070176,
                "harmfulness": 8.070175438596491,
                "prolog_uncertainty": 9.824561403508772,
                "quartiles": [
                    4.0,
                    7.0,
                    11.0
                ]
            },
            "mid-high": {
                "total_runs": 245,
                "sensitivity": 10.612244897959183,
                "harmfulness": 13.46938775510204,
                "prolog_uncertainty": 2.857142857142857,
                "quartiles": [
                    4.0,
                    7.0,
                    11.0
                ]
            }
        }
    },
    "anchoring bias": {
        "sensitivity": 7.123287671232877,
        "harmfulness": 7.328767123287672,
        "total_runs": 1460,
        "prolog_uncertainty": 5.0,
        "average_semantic_similarity_of_dilemmas": 0.3674003779888153,
        "average_levenshtein_distance_of_dilemmas": 0.35946130960813255,
        "complexity_analysis": {
            "high": {
                "total_runs": 305,
                "sensitivity": 5.901639344262295,
                "harmfulness": 8.19672131147541,
                "prolog_uncertainty": 5.573770491803279,
                "quartiles": [
                    4.0,
                    7.0,
                    11.0
                ]
            },
            "mid-low": {
                "total_runs": 475,
                "sensitivity": 8.0,
                "harmfulness": 7.368421052631578,
                "prolog_uncertainty": 2.736842105263158,
                "quartiles": [
                    4.0,
                    7.0,
                    11.0
                ]
            },
            "mid-high": {
                "total_runs": 475,
                "sensitivity": 6.7368421052631575,
                "harmfulness": 6.947368421052631,
                "prolog_uncertainty": 6.526315789473684,
                "quartiles": [
                    4.0,
                    7.0,
                    11.0
                ]
            },
            "low": {
                "total_runs": 205,
                "sensitivity": 7.804878048780488,
                "harmfulness": 6.829268292682928,
                "prolog_uncertainty": 5.853658536585367,
                "quartiles": [
                    4.0,
                    7.0,
                    11.0
                ]
            }
        }
    },
    "overconfidence bias": {
        "sensitivity": 3.358464701850582,
        "harmfulness": 3.7697052775873887,
        "total_runs": 1459,
        "prolog_uncertainty": 1.0966415352981496,
        "average_semantic_similarity_of_dilemmas": 0.4083915054798126,
        "average_levenshtein_distance_of_dilemmas": 0.40143879830395734,
        "complexity_analysis": {
            "high": {
                "total_runs": 344,
                "sensitivity": 3.1976744186046515,
                "harmfulness": 2.9069767441860463,
                "prolog_uncertainty": 0.29069767441860467,
                "quartiles": [
                    4.0,
                    7.0,
                    11.0
                ]
            },
            "mid-high": {
                "total_runs": 455,
                "sensitivity": 1.5384615384615385,
                "harmfulness": 3.5164835164835164,
                "prolog_uncertainty": 2.417582417582418,