{
    "confirmation bias": {
        "sensitivity": 13.835616438356164,
        "harmfulness": 16.164383561643834,
        "total_runs": 1460,
        "prolog_uncertainty": 3.8356164383561646,
        "average_semantic_similarity_of_dilemmas": 0.33870378136634827,
        "average_levenshtein_distance_of_dilemmas": 0.3789385310167363,
        "complexity_analysis": {
            "low": {
                "total_runs": 495,
                "sensitivity": 7.2727272727272725,
                "harmfulness": 7.07070707070707,
                "prolog_uncertainty": 0.20202020202020202,
                "quartiles": [
                    4.0,
                    7.0,
                    11.0
                ]
            },
            "mid-low": {
                "total_runs": 625,
                "sensitivity": 8.64,
                "harmfulness": 8.959999999999999,
                "prolog_uncertainty": 0.96,
                "quartiles": [
                    4.0,
                    7.0,
                    11.0
                ]
            },
            "mid-high": {
                "total_runs": 115,
                "sensitivity": 5.217391304347826,
                "harmfulness": 9.565217391304348,
                "prolog_uncertainty": 4.3478260869565215,
                "quartiles": [
                    4.0,
                    7.0,
                    11.0
                ]
            },
            "high": {
                "total_runs": 225,
                "sensitivity": 47.11111111111111,
                "harmfulness": 59.55555555555555,
                "prolog_uncertainty": 19.555555555555557,
                "quartiles": [
                    4.0,
                    7.0,
                    11.0
                ]
            }
        }
    },
    "hyperbolic discounting": {
        "sensitivity": 50.10526315789474,
        "harmfulness": 50.31578947368421,
        "total_runs": 1425,
        "prolog_uncertainty": 1.0526315789473684,
        "average_semantic_similarity_of_dilemmas": 0.36036908626556396,
        "average_levenshtein_distance_of_dilemmas": 0.40378202302256067,
        "complexity_analysis": {
            "low": {
                "total_runs": 1243,
                "sensitivity": 50.5229283990346,
                "harmfulness": 51.16653258246179,
                "prolog_uncertainty": 0.8045052292839904,
                "quartiles": [
                    4.0,
                    7.0,
                    11.0
                ]
            },
            "mid-low": {
                "total_runs": 123,
                "sensitivity": 56.09756097560976,
                "harmfulness": 56.09756097560976,
                "prolog_uncertainty": 0.0,
                "quartiles": [
                    4.0,
                    7.0,
                    11.0
                ]
            },
            "mid-high": {
                "total_runs": 40,
                "sensitivity": 25.0,
                "harmfulness": 12.5,
                "prolog_uncertainty": 12.5,
                "quartiles": [
                    4.0,
                    7.0,
                    11.0
                ]
            },
            "high": {
                "total_runs": 19,
                "sensitivity": 36.84210526315789,
                "harmfulness": 36.84210526315789,
                "prolog_uncertainty": 0.0,
                "quartiles": [
                    4.0,
                    7.0,
                    11.0
                ]
            }
        }
    },
    "availability bias": {
        "sensitivity": 6.524822695035461,
        "harmfulness": 7.021276595744681,
        "total_runs": 1410,
        "prolog_uncertainty": 4.326241134751773,
        "average_semantic_similarity_of_dilemmas": 0.3404207229614258,
        "average_levenshtein_distance_of_dilemmas": 0.36142660282117833,
        "complexity_analysis": {
            "low": {
                "total_runs": 673,
                "sensitivity": 4.606240713224369,
                "harmfulness": 5.49777117384844,
                "prolog_uncertainty": 2.37741456166419,
                "quartiles": [
                    4.0,
                    7.0,
                    11.0
                ]
            },
            "high": {
                "total_runs": 227,
                "sensitivity": 13.656387665198238,
                "harmfulness": 14.096916299559473,
                "prolog_uncertainty": 5.726872246696035,
                "quartiles": [
                    4.0,
                    7.0,
                    11.0
                ]
            },
            "mid-low": {
                "total_runs": 275,
                "sensitivity": 7.2727272727272725,
                "harmfulness": 6.545454545454546,
                "prolog_uncertainty": 10.909090909090908,
                "quartiles": [
                    4.0,
                    7.0,
                    11.0
                ]
            },
            "mid-high": {
                "total_runs": 235,
                "sensitivity": 4.25531914893617,
                "harmfulness": 5.106382978723404,
                "prolog_uncertainty": 0.851063829787234,
                "quartiles": [
                    4.0,
                    7.0,
                    11.0
                ]
            }
        }
    },
    "anchoring bias": {
        "sensitivity": 5.342465753424658,
        "harmfulness": 6.506849315068493,
        "total_runs": 1460,
        "prolog_uncertainty": 1.8493150684931507,
        "average_semantic_similarity_of_dilemmas": 0.3674003779888153,
        "average_levenshtein_distance_of_dilemmas": 0.35946130960813255,
        "complexity_analysis": {
            "high": {
                "total_runs": 305,
                "sensitivity": 5.245901639344262,
                "harmfulness": 7.540983606557377,
                "prolog_uncertainty": 2.2950819672131146,
                "quartiles": [
                    4.0,
                    7.0,
                    11.0
                ]
            },
            "mid-low": {
                "total_runs": 475,
                "sensitivity": 6.105263157894736,
                "harmfulness": 7.157894736842104,
                "prolog_uncertainty": 1.0526315789473684,
                "quartiles": [
                    4.0,
                    7.0,
                    11.0
                ]
            },
            "mid-high": {
                "total_runs": 475,
                "sensitivity": 6.105263157894736,
                "harmfulness": 6.947368421052631,
                "prolog_uncertainty": 2.526315789473684,
                "quartiles": [
                    4.0,
                    7.0,
                    11.0
                ]
            },
            "low": {
                "total_runs": 205,
                "sensitivity": 1.951219512195122,
                "harmfulness": 2.4390243902439024,
                "prolog_uncertainty": 1.4634146341463417,
                "quartiles": [
                    4.0,
                    7.0,
                    11.0
                ]
            }
        }
    },
    "overconfidence bias": {
        "sensitivity": 7.191780821917808,
        "harmfulness": 7.123287671232877,
        "total_runs": 1460,
        "prolog_uncertainty": 1.1643835616438356,
        "average_semantic_similarity_of_dilemmas": 0.4083915054798126,
        "average_levenshtein_distance_of_dilemmas": 0.40143879830395734,
        "complexity_analysis": {
            "high": {
                "total_runs": 345,
                "sensitivity": 5.217391304347826,
                "harmfulness": 4.9275362318840585,
                "prolog_uncertainty": 0.2898550724637681,
                "quartiles": [
                    4.0,
                    7.0,
                    11.0
                ]
            },
            "mid-high": {
                "total_runs": 455,
                "sensitivity": 7.472527472527473,