{
    "confirmation bias": {
        "sensitivity": 10.547945205479452,
        "harmfulness": 12.808219178082192,
        "total_runs": 1460,
        "prolog_uncertainty": 5.273972602739726,
        "average_semantic_similarity_of_dilemmas": 0.33870378136634827,
        "average_levenshtein_distance_of_dilemmas": 0.3789385310167363,
        "complexity_analysis": {
            "low": {
                "total_runs": 495,
                "sensitivity": 5.656565656565657,
                "harmfulness": 5.858585858585859,
                "prolog_uncertainty": 0.20202020202020202,
                "quartiles": [
                    4.0,
                    7.0,
                    11.0
                ]
            },
            "mid-low": {
                "total_runs": 625,
                "sensitivity": 5.92,
                "harmfulness": 5.6000000000000005,
                "prolog_uncertainty": 1.92,
                "quartiles": [
                    4.0,
                    7.0,
                    11.0
                ]
            },
            "mid-high": {
                "total_runs": 115,
                "sensitivity": 7.82608695652174,
                "harmfulness": 14.782608695652174,
                "prolog_uncertainty": 6.956521739130435,
                "quartiles": [
                    4.0,
                    7.0,
                    11.0
                ]
            },
            "high": {
                "total_runs": 225,
                "sensitivity": 35.55555555555556,
                "harmfulness": 47.11111111111111,
                "prolog_uncertainty": 24.88888888888889,
                "quartiles": [
                    4.0,
                    7.0,
                    11.0
                ]
            }
        }
    },
    "hyperbolic discounting": {
        "sensitivity": 14.756348661633492,
        "harmfulness": 17.433081674673986,
        "total_runs": 1457,
        "prolog_uncertainty": 4.735758407687028,
        "average_semantic_similarity_of_dilemmas": 0.36036908626556396,
        "average_levenshtein_distance_of_dilemmas": 0.40378202302256067,
        "complexity_analysis": {
            "low": {
                "total_runs": 1272,
                "sensitivity": 14.30817610062893,
                "harmfulness": 18.160377358490564,
                "prolog_uncertainty": 4.638364779874213,
                "quartiles": [
                    4.0,
                    7.0,
                    11.0
                ]
            },
            "mid-low": {
                "total_runs": 125,
                "sensitivity": 18.4,
                "harmfulness": 14.399999999999999,
                "prolog_uncertainty": 4.0,
                "quartiles": [
                    4.0,
                    7.0,
                    11.0
                ]
            },
            "mid-high": {
                "total_runs": 40,
                "sensitivity": 12.5,
                "harmfulness": 0.0,
                "prolog_uncertainty": 12.5,
                "quartiles": [
                    4.0,
                    7.0,
                    11.0
                ]
            },
            "high": {
                "total_runs": 20,
                "sensitivity": 25.0,
                "harmfulness": 25.0,
                "prolog_uncertainty": 0.0,
                "quartiles": [
                    4.0,
                    7.0,
                    11.0
                ]
            }
        }
    },
    "availability bias": {
        "sensitivity": 6.790123456790123,
        "harmfulness": 8.573388203017833,
        "total_runs": 1458,
        "prolog_uncertainty": 4.938271604938271,
        "average_semantic_similarity_of_dilemmas": 0.3404207229614258,
        "average_levenshtein_distance_of_dilemmas": 0.36142660282117833,
        "complexity_analysis": {
            "low": {
                "total_runs": 690,
                "sensitivity": 3.4782608695652173,
                "harmfulness": 3.91304347826087,
                "prolog_uncertainty": 3.6231884057971016,
                "quartiles": [
                    4.0,
                    7.0,
                    11.0
                ]
            },
            "high": {
                "total_runs": 238,
                "sensitivity": 18.907563025210084,
                "harmfulness": 25.210084033613445,
                "prolog_uncertainty": 7.9831932773109235,
                "quartiles": [
                    4.0,
                    7.0,
                    11.0
                ]
            },
            "mid-low": {
                "total_runs": 285,
                "sensitivity": 4.2105263157894735,
                "harmfulness": 8.070175438596491,
                "prolog_uncertainty": 8.771929824561402,
                "quartiles": [
                    4.0,
                    7.0,
                    11.0
                ]
            },
            "mid-high": {
                "total_runs": 245,
                "sensitivity": 7.346938775510205,
                "harmfulness": 6.122448979591836,
                "prolog_uncertainty": 1.2244897959183674,
                "quartiles": [
                    4.0,
                    7.0,
                    11.0
                ]
            }
        }
    },
    "anchoring bias": {
        "sensitivity": 4.10958904109589,
        "harmfulness": 5.410958904109589,
        "total_runs": 1460,
        "prolog_uncertainty": 2.5342465753424657,
        "average_semantic_similarity_of_dilemmas": 0.3674003779888153,
        "average_levenshtein_distance_of_dilemmas": 0.35946130960813255,
        "complexity_analysis": {
            "high": {
                "total_runs": 305,
                "sensitivity": 6.229508196721312,
                "harmfulness": 11.147540983606557,
                "prolog_uncertainty": 4.918032786885246,
                "quartiles": [
                    4.0,
                    7.0,
                    11.0
                ]
            },
            "mid-low": {
                "total_runs": 475,
                "sensitivity": 2.1052631578947367,
                "harmfulness": 3.3684210526315788,
                "prolog_uncertainty": 1.263157894736842,
                "quartiles": [
                    4.0,
                    7.0,
                    11.0
                ]
            },
            "mid-high": {
                "total_runs": 475,
                "sensitivity": 6.526315789473684,
                "harmfulness": 6.105263157894736,
                "prolog_uncertainty": 3.3684210526315788,
                "quartiles": [
                    4.0,
                    7.0,
                    11.0
                ]
            },
            "low": {
                "total_runs": 205,
                "sensitivity": 0.0,
                "harmfulness": 0.0,
                "prolog_uncertainty": 0.0,
                "quartiles": [
                    4.0,
                    7.0,
                    11.0
                ]
            }
        }
    },
    "overconfidence bias": {
        "sensitivity": 4.258241758241758,
        "harmfulness": 5.631868131868132,
        "total_runs": 1456,
        "prolog_uncertainty": 1.6483516483516485,
        "average_semantic_similarity_of_dilemmas": 0.4083915054798126,
        "average_levenshtein_distance_of_dilemmas": 0.40143879830395734,
        "complexity_analysis": {
            "high": {
                "total_runs": 345,
                "sensitivity": 4.057971014492753,
                "harmfulness": 5.507246376811594,
                "prolog_uncertainty": 1.4492753623188406,
                "quartiles": [
                    4.0,
                    7.0,
                    11.0
                ]
            },
            "mid-high": {
                "total_runs": 455,
                "sensitivity": 4.615384615384616,
                "harmfulness": 5.714285714285714,
                "prolog_uncertainty": 1.9780219780219779,