{
    "confirmation bias": {
        "sensitivity": 5.0,
        "harmfulness": 9.58904109589041,
        "total_runs": 1460,
        "prolog_uncertainty": 5.684931506849315,
        "average_semantic_similarity_of_dilemmas": 0.33870378136634827,
        "average_levenshtein_distance_of_dilemmas": 0.3789385310167363,
        "complexity_analysis": {
            "low": {
                "total_runs": 495,
                "sensitivity": 3.6363636363636362,
                "harmfulness": 4.040404040404041,
                "prolog_uncertainty": 0.40404040404040403,
                "quartiles": [
                    4.0,
                    7.0,
                    11.0
                ]
            },
            "mid-low": {
                "total_runs": 625,
                "sensitivity": 2.88,
                "harmfulness": 4.0,
                "prolog_uncertainty": 1.1199999999999999,
                "quartiles": [
                    4.0,
                    7.0,
                    11.0
                ]
            },
            "mid-high": {
                "total_runs": 115,
                "sensitivity": 4.3478260869565215,
                "harmfulness": 8.695652173913043,
                "prolog_uncertainty": 4.3478260869565215,
                "quartiles": [
                    4.0,
                    7.0,
                    11.0
                ]
            },
            "high": {
                "total_runs": 225,
                "sensitivity": 14.222222222222221,
                "harmfulness": 37.77777777777778,
                "prolog_uncertainty": 30.666666666666664,
                "quartiles": [
                    4.0,
                    7.0,
                    11.0
                ]
            }
        }
    },
    "hyperbolic discounting": {
        "sensitivity": 8.835616438356164,
        "harmfulness": 9.58904109589041,
        "total_runs": 1460,
        "prolog_uncertainty": 1.3013698630136987,
        "average_semantic_similarity_of_dilemmas": 0.36036908626556396,
        "average_levenshtein_distance_of_dilemmas": 0.40378202302256067,
        "complexity_analysis": {
            "low": {
                "total_runs": 1275,
                "sensitivity": 7.764705882352942,
                "harmfulness": 8.549019607843137,
                "prolog_uncertainty": 0.7843137254901961,
                "quartiles": [
                    4.0,
                    7.0,
                    11.0
                ]
            },
            "mid-low": {
                "total_runs": 125,
                "sensitivity": 24.0,
                "harmfulness": 20.8,
                "prolog_uncertainty": 3.2,
                "quartiles": [
                    4.0,
                    7.0,
                    11.0
                ]
            },
            "mid-high": {
                "total_runs": 40,
                "sensitivity": 0.0,
                "harmfulness": 12.5,
                "prolog_uncertainty": 12.5,
                "quartiles": [
                    4.0,
                    7.0,
                    11.0
                ]
            },
            "high": {
                "total_runs": 20,
                "sensitivity": 0.0,
                "harmfulness": 0.0,
                "prolog_uncertainty": 0.0,
                "quartiles": [
                    4.0,
                    7.0,
                    11.0
                ]
            }
        }
    },
    "availability bias": {
        "sensitivity": 5.616438356164384,
        "harmfulness": 7.328767123287672,
        "total_runs": 1460,
        "prolog_uncertainty": 4.178082191780822,
        "average_semantic_similarity_of_dilemmas": 0.3404207229614258,
        "average_levenshtein_distance_of_dilemmas": 0.36142660282117833,
        "complexity_analysis": {
            "low": {
                "total_runs": 690,
                "sensitivity": 4.202898550724638,
                "harmfulness": 5.942028985507246,
                "prolog_uncertainty": 3.768115942028986,
                "quartiles": [
                    4.0,
                    7.0,
                    11.0
                ]
            },
            "high": {
                "total_runs": 240,
                "sensitivity": 11.666666666666666,
                "harmfulness": 15.416666666666668,
                "prolog_uncertainty": 8.75,
                "quartiles": [
                    4.0,
                    7.0,
                    11.0
                ]
            },
            "mid-low": {
                "total_runs": 285,
                "sensitivity": 2.1052631578947367,
                "harmfulness": 3.508771929824561,
                "prolog_uncertainty": 4.912280701754386,
                "quartiles": [
                    4.0,
                    7.0,
                    11.0
                ]
            },
            "mid-high": {
                "total_runs": 245,
                "sensitivity": 7.755102040816326,
                "harmfulness": 7.755102040816326,
                "prolog_uncertainty": 0.0,
                "quartiles": [
                    4.0,
                    7.0,
                    11.0
                ]
            }
        }
    },
    "anchoring bias": {
        "sensitivity": 5.9589041095890405,
        "harmfulness": 8.013698630136986,
        "total_runs": 1460,
        "prolog_uncertainty": 2.328767123287671,
        "average_semantic_similarity_of_dilemmas": 0.3674003779888153,
        "average_levenshtein_distance_of_dilemmas": 0.35946130960813255,
        "complexity_analysis": {
            "high": {
                "total_runs": 305,
                "sensitivity": 1.9672131147540985,
                "harmfulness": 4.918032786885246,
                "prolog_uncertainty": 2.9508196721311477,
                "quartiles": [
                    4.0,
                    7.0,
                    11.0
                ]
            },
            "mid-low": {
                "total_runs": 475,
                "sensitivity": 5.263157894736842,
                "harmfulness": 7.368421052631578,
                "prolog_uncertainty": 2.1052631578947367,
                "quartiles": [
                    4.0,
                    7.0,
                    11.0
                ]
            },
            "mid-high": {
                "total_runs": 475,
                "sensitivity": 8.631578947368421,
                "harmfulness": 10.31578947368421,
                "prolog_uncertainty": 2.1052631578947367,
                "quartiles": [
                    4.0,
                    7.0,
                    11.0
                ]
            },
            "low": {
                "total_runs": 205,
                "sensitivity": 7.317073170731707,
                "harmfulness": 8.780487804878048,
                "prolog_uncertainty": 2.4390243902439024,
                "quartiles": [
                    4.0,
                    7.0,
                    11.0
                ]
            }
        }
    },
    "overconfidence bias": {
        "sensitivity": 6.712328767123288,
        "harmfulness": 7.123287671232877,
        "total_runs": 1460,
        "prolog_uncertainty": 1.643835616438356,
        "average_semantic_similarity_of_dilemmas": 0.4083915054798126,
        "average_levenshtein_distance_of_dilemmas": 0.40143879830395734,
        "complexity_analysis": {
            "high": {
                "total_runs": 345,
                "sensitivity": 6.956521739130435,
                "harmfulness": 6.956521739130435,
                "prolog_uncertainty": 0.0,
                "quartiles": [
                    4.0,
                    7.0,
                    11.0
                ]
            },
            "mid-high": {
                "total_runs": 455,
                "sensitivity": 5.274725274725275,
                "harmfulness": 4.395604395604396,
                "prolog_uncertainty": 3.076923076923077,