{
    "confirmation bias": {
        "sensitivity": 13.082191780821917,
        "harmfulness": 16.575342465753426,
        "total_runs": 1460,
        "prolog_uncertainty": 4.178082191780822,
        "average_semantic_similarity_of_dilemmas": 0.33870378136634827,
        "average_levenshtein_distance_of_dilemmas": 0.3789385310167363,
        "complexity_analysis": {
            "low": {
                "total_runs": 495,
                "sensitivity": 7.2727272727272725,
                "harmfulness": 7.2727272727272725,
                "prolog_uncertainty": 0.0,
                "quartiles": [
                    4.0,
                    7.0,
                    11.0
                ]
            },
            "mid-low": {
                "total_runs": 625,
                "sensitivity": 10.56,
                "harmfulness": 11.360000000000001,
                "prolog_uncertainty": 0.8,
                "quartiles": [
                    4.0,
                    7.0,
                    11.0
                ]
            },
            "mid-high": {
                "total_runs": 115,
                "sensitivity": 3.4782608695652173,
                "harmfulness": 10.434782608695652,
                "prolog_uncertainty": 6.956521739130435,
                "quartiles": [
                    4.0,
                    7.0,
                    11.0
                ]
            },
            "high": {
                "total_runs": 225,
                "sensitivity": 37.77777777777778,
                "harmfulness": 54.666666666666664,
                "prolog_uncertainty": 21.333333333333336,
                "quartiles": [
                    4.0,
                    7.0,
                    11.0
                ]
            }
        }
    },
    "hyperbolic discounting": {
        "sensitivity": 33.42465753424658,
        "harmfulness": 34.31506849315068,
        "total_runs": 1460,
        "prolog_uncertainty": 1.7123287671232876,
        "average_semantic_similarity_of_dilemmas": 0.36036908626556396,
        "average_levenshtein_distance_of_dilemmas": 0.40378202302256067,
        "complexity_analysis": {
            "low": {
                "total_runs": 1275,
                "sensitivity": 33.80392156862745,
                "harmfulness": 35.21568627450981,
                "prolog_uncertainty": 1.5686274509803921,
                "quartiles": [
                    4.0,
                    7.0,
                    11.0
                ]
            },
            "mid-low": {
                "total_runs": 125,
                "sensitivity": 32.800000000000004,
                "harmfulness": 31.2,
                "prolog_uncertainty": 1.6,
                "quartiles": [
                    4.0,
                    7.0,
                    11.0
                ]
            },
            "mid-high": {
                "total_runs": 40,
                "sensitivity": 27.500000000000004,
                "harmfulness": 20.0,
                "prolog_uncertainty": 7.5,
                "quartiles": [
                    4.0,
                    7.0,
                    11.0
                ]
            },
            "high": {
                "total_runs": 20,
                "sensitivity": 25.0,
                "harmfulness": 25.0,
                "prolog_uncertainty": 0.0,
                "quartiles": [
                    4.0,
                    7.0,
                    11.0
                ]
            }
        }
    },
    "availability bias": {
        "sensitivity": 11.712328767123289,
        "harmfulness": 12.808219178082192,
        "total_runs": 1460,
        "prolog_uncertainty": 4.2465753424657535,
        "average_semantic_similarity_of_dilemmas": 0.3404207229614258,
        "average_levenshtein_distance_of_dilemmas": 0.36142660282117833,
        "complexity_analysis": {
            "low": {
                "total_runs": 690,
                "sensitivity": 6.521739130434782,
                "harmfulness": 8.26086956521739,
                "prolog_uncertainty": 4.057971014492753,
                "quartiles": [
                    4.0,
                    7.0,
                    11.0
                ]
            },
            "high": {
                "total_runs": 240,
                "sensitivity": 29.583333333333332,
                "harmfulness": 28.749999999999996,
                "prolog_uncertainty": 5.0,
                "quartiles": [
                    4.0,
                    7.0,
                    11.0
                ]
            },
            "mid-low": {
                "total_runs": 285,
                "sensitivity": 8.070175438596491,
                "harmfulness": 9.12280701754386,
                "prolog_uncertainty": 6.666666666666667,
                "quartiles": [
                    4.0,
                    7.0,
                    11.0
                ]
            },
            "mid-high": {
                "total_runs": 245,
                "sensitivity": 13.061224489795919,
                "harmfulness": 14.285714285714285,
                "prolog_uncertainty": 1.2244897959183674,
                "quartiles": [
                    4.0,
                    7.0,
                    11.0
                ]
            }
        }
    },
    "anchoring bias": {
        "sensitivity": 5.342465753424658,
        "harmfulness": 6.36986301369863,
        "total_runs": 1460,
        "prolog_uncertainty": 1.9863013698630139,
        "average_semantic_similarity_of_dilemmas": 0.3674003779888153,
        "average_levenshtein_distance_of_dilemmas": 0.35946130960813255,
        "complexity_analysis": {
            "high": {
                "total_runs": 305,
                "sensitivity": 6.229508196721312,
                "harmfulness": 9.508196721311474,
                "prolog_uncertainty": 3.278688524590164,
                "quartiles": [
                    4.0,
                    7.0,
                    11.0
                ]
            },
            "mid-low": {
                "total_runs": 475,
                "sensitivity": 4.421052631578947,
                "harmfulness": 3.7894736842105265,
                "prolog_uncertainty": 0.631578947368421,
                "quartiles": [
                    4.0,
                    7.0,
                    11.0
                ]
            },
            "mid-high": {
                "total_runs": 475,
                "sensitivity": 7.157894736842104,
                "harmfulness": 8.631578947368421,
                "prolog_uncertainty": 3.1578947368421053,
                "quartiles": [
                    4.0,
                    7.0,
                    11.0
                ]
            },
            "low": {
                "total_runs": 205,
                "sensitivity": 1.951219512195122,
                "harmfulness": 2.4390243902439024,
                "prolog_uncertainty": 0.4878048780487805,
                "quartiles": [
                    4.0,
                    7.0,
                    11.0
                ]
            }
        }
    },
    "overconfidence bias": {
        "sensitivity": 14.40329218106996,
        "harmfulness": 15.706447187928669,
        "total_runs": 1458,
        "prolog_uncertainty": 3.3607681755829906,
        "average_semantic_similarity_of_dilemmas": 0.4083915054798126,
        "average_levenshtein_distance_of_dilemmas": 0.40143879830395734,
        "complexity_analysis": {
            "high": {
                "total_runs": 345,
                "sensitivity": 13.333333333333334,
                "harmfulness": 16.81159420289855,
                "prolog_uncertainty": 5.217391304347826,
                "quartiles": [
                    4.0,
                    7.0,
                    11.0
                ]
            },
            "mid-high": {
                "total_runs": 455,
                "sensitivity": 19.340659340659343,
                "harmfulness": 19.560439560439562,