{
    "confirmation bias": {
        "sensitivity": 6.36986301369863,
        "harmfulness": 7.602739726027398,
        "total_runs": 1460,
        "prolog_uncertainty": 2.8767123287671232,
        "average_semantic_similarity_of_dilemmas": 0.33870378136634827,
        "average_levenshtein_distance_of_dilemmas": 0.3789385310167363,
        "complexity_analysis": {
            "low": {
                "total_runs": 495,
                "sensitivity": 4.444444444444445,
                "harmfulness": 4.242424242424243,
                "prolog_uncertainty": 0.20202020202020202,
                "quartiles": [
                    4.0,
                    7.0,
                    11.0
                ]
            },
            "mid-low": {
                "total_runs": 625,
                "sensitivity": 4.32,
                "harmfulness": 4.0,
                "prolog_uncertainty": 0.96,
                "quartiles": [
                    4.0,
                    7.0,
                    11.0
                ]
            },
            "mid-high": {
                "total_runs": 115,
                "sensitivity": 3.4782608695652173,
                "harmfulness": 7.82608695652174,
                "prolog_uncertainty": 4.3478260869565215,
                "quartiles": [
                    4.0,
                    7.0,
                    11.0
                ]
            },
            "high": {
                "total_runs": 225,
                "sensitivity": 17.77777777777778,
                "harmfulness": 24.88888888888889,
                "prolog_uncertainty": 13.333333333333334,
                "quartiles": [
                    4.0,
                    7.0,
                    11.0
                ]
            }
        }
    },
    "hyperbolic discounting": {
        "sensitivity": 7.534246575342466,
        "harmfulness": 7.602739726027398,
        "total_runs": 1460,
        "prolog_uncertainty": 0.4794520547945206,
        "average_semantic_similarity_of_dilemmas": 0.36036908626556396,
        "average_levenshtein_distance_of_dilemmas": 0.40378202302256067,
        "complexity_analysis": {
            "low": {
                "total_runs": 1275,
                "sensitivity": 6.901960784313725,
                "harmfulness": 6.980392156862745,
                "prolog_uncertainty": 0.5490196078431373,
                "quartiles": [
                    4.0,
                    7.0,
                    11.0
                ]
            },
            "mid-low": {
                "total_runs": 125,
                "sensitivity": 14.399999999999999,
                "harmfulness": 14.399999999999999,
                "prolog_uncertainty": 0.0,
                "quartiles": [
                    4.0,
                    7.0,
                    11.0
                ]
            },
            "mid-high": {
                "total_runs": 40,
                "sensitivity": 10.0,
                "harmfulness": 10.0,
                "prolog_uncertainty": 0.0,
                "quartiles": [
                    4.0,
                    7.0,
                    11.0
                ]
            },
            "high": {
                "total_runs": 20,
                "sensitivity": 0.0,
                "harmfulness": 0.0,
                "prolog_uncertainty": 0.0,
                "quartiles": [
                    4.0,
                    7.0,
                    11.0
                ]
            }
        }
    },
    "availability bias": {
        "sensitivity": 8.493150684931507,
        "harmfulness": 9.931506849315069,
        "total_runs": 1460,
        "prolog_uncertainty": 4.4520547945205475,
        "average_semantic_similarity_of_dilemmas": 0.3404207229614258,
        "average_levenshtein_distance_of_dilemmas": 0.36142660282117833,
        "complexity_analysis": {
            "low": {
                "total_runs": 690,
                "sensitivity": 7.681159420289855,
                "harmfulness": 9.565217391304348,
                "prolog_uncertainty": 3.91304347826087,
                "quartiles": [
                    4.0,
                    7.0,
                    11.0
                ]
            },
            "high": {
                "total_runs": 240,
                "sensitivity": 16.25,
                "harmfulness": 13.750000000000002,
                "prolog_uncertainty": 6.666666666666667,
                "quartiles": [
                    4.0,
                    7.0,
                    11.0
                ]
            },
            "mid-low": {
                "total_runs": 285,
                "sensitivity": 3.1578947368421053,
                "harmfulness": 7.017543859649122,
                "prolog_uncertainty": 6.666666666666667,
                "quartiles": [
                    4.0,
                    7.0,
                    11.0
                ]
            },
            "mid-high": {
                "total_runs": 245,
                "sensitivity": 9.387755102040817,
                "harmfulness": 10.612244897959183,
                "prolog_uncertainty": 1.2244897959183674,
                "quartiles": [
                    4.0,
                    7.0,
                    11.0
                ]
            }
        }
    },
    "anchoring bias": {
        "sensitivity": 4.383561643835616,
        "harmfulness": 5.7534246575342465,
        "total_runs": 1460,
        "prolog_uncertainty": 1.36986301369863,
        "average_semantic_similarity_of_dilemmas": 0.3674003779888153,
        "average_levenshtein_distance_of_dilemmas": 0.35946130960813255,
        "complexity_analysis": {
            "high": {
                "total_runs": 305,
                "sensitivity": 11.475409836065573,
                "harmfulness": 12.459016393442624,
                "prolog_uncertainty": 0.9836065573770493,
                "quartiles": [
                    4.0,
                    7.0,
                    11.0
                ]
            },
            "mid-low": {
                "total_runs": 475,
                "sensitivity": 2.1052631578947367,
                "harmfulness": 3.1578947368421053,
                "prolog_uncertainty": 1.0526315789473684,
                "quartiles": [
                    4.0,
                    7.0,
                    11.0
                ]
            },
            "mid-high": {
                "total_runs": 475,
                "sensitivity": 4.0,
                "harmfulness": 5.473684210526316,
                "prolog_uncertainty": 1.4736842105263157,
                "quartiles": [
                    4.0,
                    7.0,
                    11.0
                ]
            },
            "low": {
                "total_runs": 205,
                "sensitivity": 0.0,
                "harmfulness": 2.4390243902439024,
                "prolog_uncertainty": 2.4390243902439024,
                "quartiles": [
                    4.0,
                    7.0,
                    11.0
                ]
            }
        }
    },
    "overconfidence bias": {
        "sensitivity": 5.068493150684931,
        "harmfulness": 4.726027397260274,
        "total_runs": 1460,
        "prolog_uncertainty": 0.3424657534246575,
        "average_semantic_similarity_of_dilemmas": 0.4083915054798126,
        "average_levenshtein_distance_of_dilemmas": 0.40143879830395734,
        "complexity_analysis": {
            "high": {
                "total_runs": 345,
                "sensitivity": 0.2898550724637681,
                "harmfulness": 0.2898550724637681,
                "prolog_uncertainty": 0.0,
                "quartiles": [
                    4.0,
                    7.0,
                    11.0
                ]
            },
            "mid-high": {
                "total_runs": 455,
                "sensitivity": 4.395604395604396,
                "harmfulness": 4.175824175824175,
                "prolog_uncertainty": 0.21978021978021978,