{
    "confirmation bias": {
        "sensitivity": 8.093278463648835,
        "harmfulness": 9.53360768175583,
        "total_runs": 1458,
        "prolog_uncertainty": 7.064471879286695,
        "average_semantic_similarity_of_dilemmas": 0.33870378136634827,
        "average_levenshtein_distance_of_dilemmas": 0.3789385310167363,
        "complexity_analysis": {
            "low": {
                "total_runs": 495,
                "sensitivity": 3.6363636363636362,
                "harmfulness": 3.2323232323232323,
                "prolog_uncertainty": 5.252525252525253,
                "quartiles": [
                    4.0,
                    7.0,
                    11.0
                ]
            },
            "mid-low": {
                "total_runs": 624,
                "sensitivity": 6.089743589743589,
                "harmfulness": 6.41025641025641,
                "prolog_uncertainty": 2.2435897435897436,
                "quartiles": [
                    4.0,
                    7.0,
                    11.0
                ]
            },
            "mid-high": {
                "total_runs": 115,
                "sensitivity": 0.0,
                "harmfulness": 0.0,
                "prolog_uncertainty": 0.0,
                "quartiles": [
                    4.0,
                    7.0,
                    11.0
                ]
            },
            "high": {
                "total_runs": 224,
                "sensitivity": 27.67857142857143,
                "harmfulness": 37.05357142857143,
                "prolog_uncertainty": 28.125,
                "quartiles": [
                    4.0,
                    7.0,
                    11.0
                ]
            }
        }
    },
    "hyperbolic discounting": {
        "sensitivity": 6.232876712328768,
        "harmfulness": 5.9589041095890405,
        "total_runs": 1460,
        "prolog_uncertainty": 1.643835616438356,
        "average_semantic_similarity_of_dilemmas": 0.36036908626556396,
        "average_levenshtein_distance_of_dilemmas": 0.40378202302256067,
        "complexity_analysis": {
            "low": {
                "total_runs": 1275,
                "sensitivity": 5.88235294117647,
                "harmfulness": 5.96078431372549,
                "prolog_uncertainty": 1.4901960784313726,
                "quartiles": [
                    4.0,
                    7.0,
                    11.0
                ]
            },
            "mid-low": {
                "total_runs": 125,
                "sensitivity": 8.799999999999999,
                "harmfulness": 8.799999999999999,
                "prolog_uncertainty": 0.0,
                "quartiles": [
                    4.0,
                    7.0,
                    11.0
                ]
            },
            "mid-high": {
                "total_runs": 40,
                "sensitivity": 12.5,
                "harmfulness": 0.0,
                "prolog_uncertainty": 12.5,
                "quartiles": [
                    4.0,
                    7.0,
                    11.0
                ]
            },
            "high": {
                "total_runs": 20,
                "sensitivity": 0.0,
                "harmfulness": 0.0,
                "prolog_uncertainty": 0.0,
                "quartiles": [
                    4.0,
                    7.0,
                    11.0
                ]
            }
        }
    },
    "availability bias": {
        "sensitivity": 7.760989010989011,
        "harmfulness": 8.104395604395604,
        "total_runs": 1456,
        "prolog_uncertainty": 5.563186813186813,
        "average_semantic_similarity_of_dilemmas": 0.3404207229614258,
        "average_levenshtein_distance_of_dilemmas": 0.36142660282117833,
        "complexity_analysis": {
            "low": {
                "total_runs": 690,
                "sensitivity": 7.246376811594203,
                "harmfulness": 6.956521739130435,
                "prolog_uncertainty": 4.63768115942029,
                "quartiles": [
                    4.0,
                    7.0,
                    11.0
                ]
            },
            "high": {
                "total_runs": 239,
                "sensitivity": 4.184100418410042,
                "harmfulness": 7.949790794979079,
                "prolog_uncertainty": 4.602510460251046,
                "quartiles": [
                    4.0,
                    7.0,
                    11.0
                ]
            },
            "mid-low": {
                "total_runs": 282,
                "sensitivity": 11.702127659574469,
                "harmfulness": 11.347517730496454,
                "prolog_uncertainty": 10.28368794326241,
                "quartiles": [
                    4.0,
                    7.0,
                    11.0
                ]
            },
            "mid-high": {
                "total_runs": 245,
                "sensitivity": 8.16326530612245,
                "harmfulness": 7.755102040816326,
                "prolog_uncertainty": 3.6734693877551026,
                "quartiles": [
                    4.0,
                    7.0,
                    11.0
                ]
            }
        }
    },
    "anchoring bias": {
        "sensitivity": 5.068493150684931,
        "harmfulness": 4.589041095890411,
        "total_runs": 1460,
        "prolog_uncertainty": 5.821917808219178,
        "average_semantic_similarity_of_dilemmas": 0.3674003779888153,
        "average_levenshtein_distance_of_dilemmas": 0.35946130960813255,
        "complexity_analysis": {
            "high": {
                "total_runs": 305,
                "sensitivity": 11.147540983606557,
                "harmfulness": 9.180327868852459,
                "prolog_uncertainty": 11.80327868852459,
                "quartiles": [
                    4.0,
                    7.0,
                    11.0
                ]
            },
            "mid-low": {
                "total_runs": 475,
                "sensitivity": 2.736842105263158,
                "harmfulness": 3.3684210526315788,
                "prolog_uncertainty": 1.4736842105263157,
                "quartiles": [
                    4.0,
                    7.0,
                    11.0
                ]
            },
            "mid-high": {
                "total_runs": 475,
                "sensitivity": 4.2105263157894735,
                "harmfulness": 3.578947368421052,
                "prolog_uncertainty": 6.526315789473684,
                "quartiles": [
                    4.0,
                    7.0,
                    11.0
                ]
            },
            "low": {
                "total_runs": 205,
                "sensitivity": 3.414634146341464,
                "harmfulness": 2.9268292682926833,
                "prolog_uncertainty": 5.365853658536586,
                "quartiles": [
                    4.0,
                    7.0,
                    11.0
                ]
            }
        }
    },
    "overconfidence bias": {
        "sensitivity": 3.904109589041096,
        "harmfulness": 4.794520547945205,
        "total_runs": 1460,
        "prolog_uncertainty": 1.5753424657534247,
        "average_semantic_similarity_of_dilemmas": 0.4083915054798126,
        "average_levenshtein_distance_of_dilemmas": 0.40143879830395734,
        "complexity_analysis": {
            "high": {
                "total_runs": 345,
                "sensitivity": 1.7391304347826086,
                "harmfulness": 2.318840579710145,
                "prolog_uncertainty": 0.5797101449275363,
                "quartiles": [
                    4.0,
                    7.0,
                    11.0
                ]
            },
            "mid-high": {
                "total_runs": 455,
                "sensitivity": 3.7362637362637363,
                "harmfulness": 3.9560439560439558,
                "prolog_uncertainty": 2.417582417582418,