{
    "confirmation bias": {
        "sensitivity": 10.576923076923077,
        "harmfulness": 12.156593406593407,
        "total_runs": 1456,
        "prolog_uncertainty": 3.5027472527472527,
        "average_semantic_similarity_of_dilemmas": 0.33870378136634827,
        "average_levenshtein_distance_of_dilemmas": 0.3789385310167363,
        "complexity_analysis": {
            "low": {
                "total_runs": 495,
                "sensitivity": 6.4646464646464645,
                "harmfulness": 5.252525252525253,
                "prolog_uncertainty": 1.2121212121212122,
                "quartiles": [
                    4.0,
                    7.0,
                    11.0
                ]
            },
            "mid-low": {
                "total_runs": 625,
                "sensitivity": 5.28,
                "harmfulness": 5.4399999999999995,
                "prolog_uncertainty": 1.44,
                "quartiles": [
                    4.0,
                    7.0,
                    11.0
                ]
            },
            "mid-high": {
                "total_runs": 115,
                "sensitivity": 3.4782608695652173,
                "harmfulness": 6.956521739130435,
                "prolog_uncertainty": 5.217391304347826,
                "quartiles": [
                    4.0,
                    7.0,
                    11.0
                ]
            },
            "high": {
                "total_runs": 221,
                "sensitivity": 38.46153846153847,
                "harmfulness": 49.321266968325794,
                "prolog_uncertainty": 13.574660633484163,
                "quartiles": [
                    4.0,
                    7.0,
                    11.0
                ]
            }
        }
    },
    "hyperbolic discounting": {
        "sensitivity": 17.82042494859493,
        "harmfulness": 19.671007539410553,
        "total_runs": 1459,
        "prolog_uncertainty": 3.7697052775873887,
        "average_semantic_similarity_of_dilemmas": 0.36036908626556396,
        "average_levenshtein_distance_of_dilemmas": 0.40378202302256067,
        "complexity_analysis": {
            "low": {
                "total_runs": 1274,
                "sensitivity": 17.425431711145997,
                "harmfulness": 20.32967032967033,
                "prolog_uncertainty": 3.5321821036106753,
                "quartiles": [
                    4.0,
                    7.0,
                    11.0
                ]
            },
            "mid-low": {
                "total_runs": 125,
                "sensitivity": 22.400000000000002,
                "harmfulness": 18.4,
                "prolog_uncertainty": 4.0,
                "quartiles": [
                    4.0,
                    7.0,
                    11.0
                ]
            },
            "mid-high": {
                "total_runs": 40,
                "sensitivity": 12.5,
                "harmfulness": 0.0,
                "prolog_uncertainty": 12.5,
                "quartiles": [
                    4.0,
                    7.0,
                    11.0
                ]
            },
            "high": {
                "total_runs": 20,
                "sensitivity": 25.0,
                "harmfulness": 25.0,
                "prolog_uncertainty": 0.0,
                "quartiles": [
                    4.0,
                    7.0,
                    11.0
                ]
            }
        }
    },
    "availability bias": {
        "sensitivity": 12.405757368060314,
        "harmfulness": 11.309115832762167,
        "total_runs": 1459,
        "prolog_uncertainty": 4.523646333104867,
        "average_semantic_similarity_of_dilemmas": 0.3404207229614258,
        "average_levenshtein_distance_of_dilemmas": 0.36142660282117833,
        "complexity_analysis": {
            "low": {
                "total_runs": 690,
                "sensitivity": 7.246376811594203,
                "harmfulness": 7.246376811594203,
                "prolog_uncertainty": 4.63768115942029,
                "quartiles": [
                    4.0,
                    7.0,
                    11.0
                ]
            },
            "high": {
                "total_runs": 239,
                "sensitivity": 26.359832635983267,
                "harmfulness": 20.502092050209207,
                "prolog_uncertainty": 8.368200836820083,
                "quartiles": [
                    4.0,
                    7.0,
                    11.0
                ]
            },
            "mid-low": {
                "total_runs": 285,
                "sensitivity": 11.578947368421053,
                "harmfulness": 10.87719298245614,
                "prolog_uncertainty": 4.912280701754386,
                "quartiles": [
                    4.0,
                    7.0,
                    11.0
                ]
            },
            "mid-high": {
                "total_runs": 245,
                "sensitivity": 14.285714285714285,
                "harmfulness": 14.285714285714285,
                "prolog_uncertainty": 0.0,
                "quartiles": [
                    4.0,
                    7.0,
                    11.0
                ]
            }
        }
    },
    "anchoring bias": {
        "sensitivity": 6.027397260273973,
        "harmfulness": 7.465753424657534,
        "total_runs": 1460,
        "prolog_uncertainty": 2.26027397260274,
        "average_semantic_similarity_of_dilemmas": 0.3674003779888153,
        "average_levenshtein_distance_of_dilemmas": 0.35946130960813255,
        "complexity_analysis": {
            "high": {
                "total_runs": 305,
                "sensitivity": 8.19672131147541,
                "harmfulness": 12.786885245901638,
                "prolog_uncertainty": 4.590163934426229,
                "quartiles": [
                    4.0,
                    7.0,
                    11.0
                ]
            },
            "mid-low": {
                "total_runs": 475,
                "sensitivity": 4.0,
                "harmfulness": 4.631578947368421,
                "prolog_uncertainty": 0.631578947368421,
                "quartiles": [
                    4.0,
                    7.0,
                    11.0
                ]
            },
            "mid-high": {
                "total_runs": 475,
                "sensitivity": 9.263157894736842,
                "harmfulness": 10.105263157894736,
                "prolog_uncertainty": 3.3684210526315788,
                "quartiles": [
                    4.0,
                    7.0,
                    11.0
                ]
            },
            "low": {
                "total_runs": 205,
                "sensitivity": 0.0,
                "harmfulness": 0.0,
                "prolog_uncertainty": 0.0,
                "quartiles": [
                    4.0,
                    7.0,
                    11.0
                ]
            }
        }
    },
    "overconfidence bias": {
        "sensitivity": 4.941660947151681,
        "harmfulness": 5.353466026080989,
        "total_runs": 1457,
        "prolog_uncertainty": 3.0199039121482496,
        "average_semantic_similarity_of_dilemmas": 0.4083915054798126,
        "average_levenshtein_distance_of_dilemmas": 0.40143879830395734,
        "complexity_analysis": {
            "high": {
                "total_runs": 345,
                "sensitivity": 7.246376811594203,
                "harmfulness": 6.956521739130435,
                "prolog_uncertainty": 4.3478260869565215,
                "quartiles": [
                    4.0,
                    7.0,
                    11.0
                ]
            },
            "mid-high": {
                "total_runs": 455,
                "sensitivity": 4.835164835164836,
                "harmfulness": 5.934065934065933,
                "prolog_uncertainty": 2.417582417582418,