{
    "confirmation bias": {
        "sensitivity": 3.0136986301369864,
        "harmfulness": 4.931506849315069,
        "total_runs": 1460,
        "prolog_uncertainty": 3.9726027397260277,
        "average_semantic_similarity_of_dilemmas": 0.33870378136634827,
        "average_levenshtein_distance_of_dilemmas": 0.3789385310167363,
        "complexity_analysis": {
            "low": {
                "total_runs": 495,
                "sensitivity": 1.0101010101010102,
                "harmfulness": 1.0101010101010102,
                "prolog_uncertainty": 0.0,
                "quartiles": [
                    4.0,
                    7.0,
                    11.0
                ]
            },
            "mid-low": {
                "total_runs": 625,
                "sensitivity": 1.28,
                "harmfulness": 1.28,
                "prolog_uncertainty": 0.0,
                "quartiles": [
                    4.0,
                    7.0,
                    11.0
                ]
            },
            "mid-high": {
                "total_runs": 115,
                "sensitivity": 6.956521739130435,
                "harmfulness": 4.3478260869565215,
                "prolog_uncertainty": 11.304347826086957,
                "quartiles": [
                    4.0,
                    7.0,
                    11.0
                ]
            },
            "high": {
                "total_runs": 225,
                "sensitivity": 10.222222222222223,
                "harmfulness": 24.0,
                "prolog_uncertainty": 20.0,
                "quartiles": [
                    4.0,
                    7.0,
                    11.0
                ]
            }
        }
    },
    "hyperbolic discounting": {
        "sensitivity": 4.10958904109589,
        "harmfulness": 4.10958904109589,
        "total_runs": 1460,
        "prolog_uncertainty": 0.821917808219178,
        "average_semantic_similarity_of_dilemmas": 0.36036908626556396,
        "average_levenshtein_distance_of_dilemmas": 0.40378202302256067,
        "complexity_analysis": {
            "low": {
                "total_runs": 1275,
                "sensitivity": 3.8431372549019605,
                "harmfulness": 4.235294117647059,
                "prolog_uncertainty": 0.5490196078431373,
                "quartiles": [
                    4.0,
                    7.0,
                    11.0
                ]
            },
            "mid-low": {
                "total_runs": 125,
                "sensitivity": 4.8,
                "harmfulness": 4.8,
                "prolog_uncertainty": 0.0,
                "quartiles": [
                    4.0,
                    7.0,
                    11.0
                ]
            },
            "mid-high": {
                "total_runs": 40,
                "sensitivity": 12.5,
                "harmfulness": 0.0,
                "prolog_uncertainty": 12.5,
                "quartiles": [
                    4.0,
                    7.0,
                    11.0
                ]
            },
            "high": {
                "total_runs": 20,
                "sensitivity": 0.0,
                "harmfulness": 0.0,
                "prolog_uncertainty": 0.0,
                "quartiles": [
                    4.0,
                    7.0,
                    11.0
                ]
            }
        }
    },
    "availability bias": {
        "sensitivity": 4.589041095890411,
        "harmfulness": 5.410958904109589,
        "total_runs": 1460,
        "prolog_uncertainty": 4.383561643835616,
        "average_semantic_similarity_of_dilemmas": 0.3404207229614258,
        "average_levenshtein_distance_of_dilemmas": 0.36142660282117833,
        "complexity_analysis": {
            "low": {
                "total_runs": 690,
                "sensitivity": 1.884057971014493,
                "harmfulness": 3.3333333333333335,
                "prolog_uncertainty": 4.057971014492753,
                "quartiles": [
                    4.0,
                    7.0,
                    11.0
                ]
            },
            "high": {
                "total_runs": 240,
                "sensitivity": 14.166666666666666,
                "harmfulness": 12.916666666666668,
                "prolog_uncertainty": 6.25,
                "quartiles": [
                    4.0,
                    7.0,
                    11.0
                ]
            },
            "mid-low": {
                "total_runs": 285,
                "sensitivity": 2.807017543859649,
                "harmfulness": 5.263157894736842,
                "prolog_uncertainty": 6.666666666666667,
                "quartiles": [
                    4.0,
                    7.0,
                    11.0
                ]
            },
            "mid-high": {
                "total_runs": 245,
                "sensitivity": 4.8979591836734695,
                "harmfulness": 4.081632653061225,
                "prolog_uncertainty": 0.8163265306122449,
                "quartiles": [
                    4.0,
                    7.0,
                    11.0
                ]
            }
        }
    },
    "anchoring bias": {
        "sensitivity": 1.643835616438356,
        "harmfulness": 1.9178082191780823,
        "total_runs": 1460,
        "prolog_uncertainty": 1.2328767123287672,
        "average_semantic_similarity_of_dilemmas": 0.3674003779888153,
        "average_levenshtein_distance_of_dilemmas": 0.35946130960813255,
        "complexity_analysis": {
            "high": {
                "total_runs": 305,
                "sensitivity": 4.2622950819672125,
                "harmfulness": 4.2622950819672125,
                "prolog_uncertainty": 0.6557377049180327,
                "quartiles": [
                    4.0,
                    7.0,
                    11.0
                ]
            },
            "mid-low": {
                "total_runs": 475,
                "sensitivity": 0.8421052631578947,
                "harmfulness": 1.0526315789473684,
                "prolog_uncertainty": 1.8947368421052633,
                "quartiles": [
                    4.0,
                    7.0,
                    11.0
                ]
            },
            "mid-high": {
                "total_runs": 475,
                "sensitivity": 1.4736842105263157,
                "harmfulness": 2.1052631578947367,
                "prolog_uncertainty": 1.4736842105263157,
                "quartiles": [
                    4.0,
                    7.0,
                    11.0
                ]
            },
            "low": {
                "total_runs": 205,
                "sensitivity": 0.0,
                "harmfulness": 0.0,
                "prolog_uncertainty": 0.0,
                "quartiles": [
                    4.0,
                    7.0,
                    11.0
                ]
            }
        }
    },
    "overconfidence bias": {
        "sensitivity": 2.73972602739726,
        "harmfulness": 1.7123287671232876,
        "total_runs": 1460,
        "prolog_uncertainty": 1.0273972602739725,
        "average_semantic_similarity_of_dilemmas": 0.4083915054798126,
        "average_levenshtein_distance_of_dilemmas": 0.40143879830395734,
        "complexity_analysis": {
            "high": {
                "total_runs": 345,
                "sensitivity": 1.4492753623188406,
                "harmfulness": 0.0,
                "prolog_uncertainty": 1.4492753623188406,
                "quartiles": [
                    4.0,
                    7.0,
                    11.0
                ]
            },
            "mid-high": {
                "total_runs": 455,
                "sensitivity": 2.857142857142857,
                "harmfulness": 1.3186813186813187,
                "prolog_uncertainty": 1.5384615384615385,