{
    "confirmation bias": {
        "sensitivity": 8.109965635738831,
        "harmfulness": 8.728522336769759,
        "total_runs": 1455,
        "prolog_uncertainty": 7.766323024054983,
        "average_semantic_similarity_of_dilemmas": 0.33870378136634827,
        "average_levenshtein_distance_of_dilemmas": 0.3789385310167363,
        "complexity_analysis": {
            "low": {
                "total_runs": 490,
                "sensitivity": 3.4693877551020407,
                "harmfulness": 3.6734693877551026,
                "prolog_uncertainty": 3.4693877551020407,
                "quartiles": [
                    4.0,
                    7.0,
                    11.0
                ]
            },
            "mid-low": {
                "total_runs": 625,
                "sensitivity": 5.6000000000000005,
                "harmfulness": 2.7199999999999998,
                "prolog_uncertainty": 2.88,
                "quartiles": [
                    4.0,
                    7.0,
                    11.0
                ]
            },
            "mid-high": {
                "total_runs": 115,
                "sensitivity": 8.695652173913043,
                "harmfulness": 0.0,
                "prolog_uncertainty": 8.695652173913043,
                "quartiles": [
                    4.0,
                    7.0,
                    11.0
                ]
            },
            "high": {
                "total_runs": 225,
                "sensitivity": 24.88888888888889,
                "harmfulness": 40.88888888888889,
                "prolog_uncertainty": 30.22222222222222,
                "quartiles": [
                    4.0,
                    7.0,
                    11.0
                ]
            }
        }
    },
    "hyperbolic discounting": {
        "sensitivity": 3.0136986301369864,
        "harmfulness": 3.0136986301369864,
        "total_runs": 1460,
        "prolog_uncertainty": 1.36986301369863,
        "average_semantic_similarity_of_dilemmas": 0.36036908626556396,
        "average_levenshtein_distance_of_dilemmas": 0.40378202302256067,
        "complexity_analysis": {
            "low": {
                "total_runs": 1275,
                "sensitivity": 3.058823529411765,
                "harmfulness": 2.666666666666667,
                "prolog_uncertainty": 1.1764705882352942,
                "quartiles": [
                    4.0,
                    7.0,
                    11.0
                ]
            },
            "mid-low": {
                "total_runs": 125,
                "sensitivity": 4.0,
                "harmfulness": 4.0,
                "prolog_uncertainty": 0.0,
                "quartiles": [
                    4.0,
                    7.0,
                    11.0
                ]
            },
            "mid-high": {
                "total_runs": 40,
                "sensitivity": 0.0,
                "harmfulness": 12.5,
                "prolog_uncertainty": 12.5,
                "quartiles": [
                    4.0,
                    7.0,
                    11.0
                ]
            },
            "high": {
                "total_runs": 20,
                "sensitivity": 0.0,
                "harmfulness": 0.0,
                "prolog_uncertainty": 0.0,
                "quartiles": [
                    4.0,
                    7.0,
                    11.0
                ]
            }
        }
    },
    "availability bias": {
        "sensitivity": 6.917808219178082,
        "harmfulness": 8.698630136986301,
        "total_runs": 1460,
        "prolog_uncertainty": 6.438356164383562,
        "average_semantic_similarity_of_dilemmas": 0.3404207229614258,
        "average_levenshtein_distance_of_dilemmas": 0.36142660282117833,
        "complexity_analysis": {
            "low": {
                "total_runs": 690,
                "sensitivity": 8.115942028985506,
                "harmfulness": 7.536231884057972,
                "prolog_uncertainty": 5.797101449275362,
                "quartiles": [
                    4.0,
                    7.0,
                    11.0
                ]
            },
            "high": {
                "total_runs": 240,
                "sensitivity": 6.25,
                "harmfulness": 6.25,
                "prolog_uncertainty": 6.666666666666667,
                "quartiles": [
                    4.0,
                    7.0,
                    11.0
                ]
            },
            "mid-low": {
                "total_runs": 285,
                "sensitivity": 4.56140350877193,
                "harmfulness": 11.578947368421053,
                "prolog_uncertainty": 9.824561403508772,
                "quartiles": [
                    4.0,
                    7.0,
                    11.0
                ]
            },
            "mid-high": {
                "total_runs": 245,
                "sensitivity": 6.938775510204081,
                "harmfulness": 11.020408163265307,
                "prolog_uncertainty": 4.081632653061225,
                "quartiles": [
                    4.0,
                    7.0,
                    11.0
                ]
            }
        }
    },
    "anchoring bias": {
        "sensitivity": 5.140507196710075,
        "harmfulness": 4.660726525017135,
        "total_runs": 1459,
        "prolog_uncertainty": 4.592186429061001,
        "average_semantic_similarity_of_dilemmas": 0.3674003779888153,
        "average_levenshtein_distance_of_dilemmas": 0.35946130960813255,
        "complexity_analysis": {
            "high": {
                "total_runs": 305,
                "sensitivity": 9.180327868852459,
                "harmfulness": 9.836065573770492,
                "prolog_uncertainty": 6.557377049180328,
                "quartiles": [
                    4.0,
                    7.0,
                    11.0
                ]
            },
            "mid-low": {
                "total_runs": 475,
                "sensitivity": 1.8947368421052633,
                "harmfulness": 3.1578947368421053,
                "prolog_uncertainty": 2.1052631578947367,
                "quartiles": [
                    4.0,
                    7.0,
                    11.0
                ]
            },
            "mid-high": {
                "total_runs": 474,
                "sensitivity": 4.430379746835443,
                "harmfulness": 3.5864978902953584,
                "prolog_uncertainty": 4.641350210970464,
                "quartiles": [
                    4.0,
                    7.0,
                    11.0
                ]
            },
            "low": {
                "total_runs": 205,
                "sensitivity": 8.292682926829269,
                "harmfulness": 2.9268292682926833,
                "prolog_uncertainty": 7.317073170731707,
                "quartiles": [
                    4.0,
                    7.0,
                    11.0
                ]
            }
        }
    },
    "overconfidence bias": {
        "sensitivity": 1.36986301369863,
        "harmfulness": 2.4657534246575343,
        "total_runs": 1460,
        "prolog_uncertainty": 1.7808219178082192,
        "average_semantic_similarity_of_dilemmas": 0.4083915054798126,
        "average_levenshtein_distance_of_dilemmas": 0.40143879830395734,
        "complexity_analysis": {
            "high": {
                "total_runs": 345,
                "sensitivity": 0.0,
                "harmfulness": 0.0,
                "prolog_uncertainty": 0.0,
                "quartiles": [
                    4.0,
                    7.0,
                    11.0
                ]
            },
            "mid-high": {
                "total_runs": 455,
                "sensitivity": 2.197802197802198,
                "harmfulness": 3.296703296703297,
                "prolog_uncertainty": 3.296703296703297,